CREATED_AT,TWEET_ID,TWEET,USER_ID,USER_NAME,RETWEET_COUNT,FAVORITE_COUNT,HASHTAGS
2019-02-15 18:24:51,1096475439697018880,"Who's making it out to Charlotte, NC for #NBAAllStar? Come hang with me at the Tissot Style Lounge for a meet and g‚Ä¶ https://t.co/WnaJHfLdKH",1703636814,klay thompson,339,3717,['NBAAllStar']
2018-12-31 17:25:38,1079790698541600768,I only learn from the best. https://t.co/uqBJkptPSB,1703636814,klay thompson,1198,9503,['NBAAllStar']
2018-12-13 23:46:22,1073363531175624704,Thank you @tissot for welcoming me to the Tissot family and making me the new #TissotAmbassador!  #ThisIsYourTime https://t.co/YkanFeueA5,1703636814,klay thompson,250,2420,"['TissotAmbassador', 'ThisIsYourTime']"
2018-12-06 16:55:54,1070723519560859648,"For fans who make a habit of reading the paper like me, here‚Äôs a deal for you: Get 66% off the annual price of unli‚Ä¶ https://t.co/CIZNIVv60G",1703636814,klay thompson,510,4081,"['TissotAmbassador', 'ThisIsYourTime']"
2018-10-23 18:32:31,1054802767951187968,"Excited to start the new season, but sticking with the same ritual. As for Rocco, he has his own routines. Don't mi‚Ä¶ https://t.co/5jUGDUcUlj",1703636814,klay thompson,234,1844,"['TissotAmbassador', 'ThisIsYourTime']"
2018-10-23 00:13:35,1054526211089518592,"RT @charitybuzz: Calling all @KlayThompson fans! Join the legendary 3 time @NBA champ for a round of @golf with your friends in LA, airfare‚Ä¶",1703636814,klay thompson,49,0,"['TissotAmbassador', 'ThisIsYourTime']"
2018-10-20 20:55:18,1053751534914170881,I keep telling @Money23Green to stop hacking! #BlackOps4 #CODNATION #ad https://t.co/7bCZOlnYIB,1703636814,klay thompson,582,4322,"['BlackOps4', 'CODNATION', 'ad']"
2018-10-20 05:38:13,1053520744045395968,They didn‚Äôt want ya Jonas.,1703636814,klay thompson,4729,27083,"['BlackOps4', 'CODNATION', 'ad']"
2018-10-16 03:15:59,1052035397293727744,"Felt good to catch pre-season rhythms, now it‚Äôs go time. https://t.co/P4yCeIbjKP",1703636814,klay thompson,1385,10456,"['BlackOps4', 'CODNATION', 'ad']"
2018-09-18 21:12:47,1042159525694922752,"If you are in SoCal tomorrow, come hang with me and my @stancehoops fam ü§ô https://t.co/zDhXh6MoEl",1703636814,klay thompson,155,1531,"['BlackOps4', 'CODNATION', 'ad']"
2018-09-05 05:41:53,1037214212764917761,üôå https://t.co/0qmo4cuCW1,1703636814,klay thompson,49,836,"['BlackOps4', 'CODNATION', 'ad']"
2018-09-04 22:52:55,1037111292819984384,There are still some great items available from the my Celebrity Golf Tournament Auction. Click the link below to c‚Ä¶ https://t.co/3ezGxR3CAS,1703636814,klay thompson,56,645,"['BlackOps4', 'CODNATION', 'ad']"
2018-09-04 07:05:57,1036872980318453760,RT @KlayThompson: @MbinH @qatarairways Not as smooth as thisüëá. I‚Äôm thinking about going pro. https://t.co/fsebKfxATw,1703636814,klay thompson,121,0,"['BlackOps4', 'CODNATION', 'ad']"
2018-09-04 07:05:39,1036872903772389377,@MbinH @qatarairways Not as smooth as thisüëá. I‚Äôm thinking about going pro. https://t.co/fsebKfxATw,1703636814,klay thompson,121,884,"['BlackOps4', 'CODNATION', 'ad']"
2018-08-30 23:43:43,1035312137772576769,Congrats @D_West30 on an amazing career. Learned something new about life everyday from this man. I'm grateful to h‚Ä¶ https://t.co/qeEYLC74GN,1703636814,klay thompson,1127,10328,"['BlackOps4', 'CODNATION', 'ad']"
2018-08-21 17:25:49,1031955543617765377,RT @OpusBank: Kicking off a star-studded weekend with a VIP meet and greet with @KlayThompson to officially launch the Thompson Family Foun‚Ä¶,1703636814,klay thompson,38,0,"['BlackOps4', 'CODNATION', 'ad']"
2018-08-20 18:03:26,1031602623420329993,"S/o to @Short_Par4 for keeping me fitted on the links üåÆüèåüèΩ‚Äç‚ôÇÔ∏è‚õ≥Ô∏è. Best part is, it shows up to my house, no store vis‚Ä¶ https://t.co/hyjbENPMF5",1703636814,klay thompson,123,1325,"['BlackOps4', 'CODNATION', 'ad']"
2018-08-16 00:18:25,1029885052639801344,I collaborated with @primesociety to design the Championship Collection. Products will be available for purchase ex‚Ä¶ https://t.co/gEszusRWOo,1703636814,klay thompson,181,1470,"['BlackOps4', 'CODNATION', 'ad']"
2018-08-10 21:56:03,1028037284883390464,"Just finished up my basketball camp in Orange County! Thanks, @DrinkBODYARMOR, @zpizzaladera, and @chocolate_milk f‚Ä¶ https://t.co/YAbbqOhbGd",1703636814,klay thompson,77,1434,"['BlackOps4', 'CODNATION', 'ad']"
2018-08-02 17:46:54,1025075480356040704,"BTS ANTA commercial shoot! 
be like water üí¶ #maddogofmorongo https://t.co/TQjDPjGUsy",1703636814,klay thompson,286,2627,['maddogofmorongo']
2018-07-27 21:24:18,1022955864225804288,The Thompson Family Foundation Golf Tournament tee‚Äôs off in San Francisco at TPC Harding Park on August 18 ‚Äì 19th!‚Ä¶ https://t.co/SJzRNDHj5u,1703636814,klay thompson,188,2075,['maddogofmorongo']
2018-07-23 18:22:35,1021460582036267008,"After a tough workout on the court, I rehydrate with cold @chocolate_milk #RealWorks #ad https://t.co/Sib8ke7cWO",1703636814,klay thompson,200,2380,"['RealWorks', 'ad']"
2018-07-11 15:04:47,1017062149225500674,Let‚Äôs tee it up! The Inaugural Thompson Family Foundation Golf Tournament takes place in San Francisco at TPC Hardi‚Ä¶ https://t.co/fDJbxJJvPg,1703636814,klay thompson,429,4451,"['RealWorks', 'ad']"
2018-07-07 00:37:53,1015394436312756224,4 cities in 4 days üá®üá≥ #AntaChinaTour https://t.co/gKSfeiCl10,1703636814,klay thompson,718,7218,['AntaChinaTour']
2018-07-06 22:41:09,1015365058182852608,"Limited availability ! Click the link below to register. 

https://t.co/0MIxh5CAtw https://t.co/b10jSi8ooF",1703636814,klay thompson,103,1156,['AntaChinaTour']
2018-07-05 22:57:33,1015006797835395072,RT @Fanatics: #ChinaKlay is coming back to the States soon and when the @warriors SG does he will have a public signing @LeftysSports on Ju‚Ä¶,1703636814,klay thompson,77,0,['ChinaKlay']
2018-06-24 04:17:20,1010738621245091841,This is something that my family and I have been working on for some time and I‚Äôm proud to say we are announcing th‚Ä¶ https://t.co/qBUrZOajfD,1703636814,klay thompson,1083,7324,['ChinaKlay']
2018-06-19 23:40:24,1009219375482597377,"RT @stancehoops: Three Times Dope. 

Celebrate the @warriors Championship with this limited-edition sock. 

https://t.co/xy7y7UFRBX https:/‚Ä¶",1703636814,klay thompson,77,0,['ChinaKlay']
2018-06-18 20:14:10,1008805087420899328,Being a back to back champion comes with hard work and proper nutrition. I recover with @chocolate_milk for its nut‚Ä¶ https://t.co/j7hTaYLUn5,1703636814,klay thompson,287,3058,['ChinaKlay']
2018-06-18 01:03:03,1008515399506251776,Excited to announce that I'll be hosting my first basketball camp this summer in Southern California from August 6-‚Ä¶ https://t.co/trEszFxCT3,1703636814,klay thompson,425,4186,['ChinaKlay']
2018-06-17 01:25:01,1008158541415247872,Thanks for riding with us all the way #Dubnation! https://t.co/5eBbd5TSmP,1703636814,klay thompson,2421,18700,['Dubnation']
2018-06-15 00:02:49,1007413078663680000,Dub Nation! The Water For Life Charity Softball Game is on June 23rd at the Oakland Coliseum. Support my teammate a‚Ä¶ https://t.co/g2I5LEKFGG,1703636814,klay thompson,520,5432,['Dubnation']
2018-06-14 23:59:09,1007412154302021632,"RT @Fanatics: #DubNation, make sure your Dad is decked out with @warriors gear this #FathersDay! 

Check out #FanaticsExclusive @KlayThomps‚Ä¶",1703636814,klay thompson,79,0,"['DubNation', 'FathersDay', 'FanaticsExclusive']"
2018-03-23 00:22:46,976977517713137665,Want to meet me and have a drive on the BMW M Tracks? Here‚Äôs your chance ‚Äì https://t.co/TNRFc6Ka6w #bmw #Mschool‚Ä¶ https://t.co/LqqwOWS6hX,1703636814,klay thompson,194,1949,"['bmw', 'Mschool']"
2018-03-21 18:36:44,976528048387375105,RT @chocolate_milk: Her game is speed &amp; power. Ours is recovery. An unstoppable combo. Proud to welcome @SloaneStephens to #TeamChocolateMi‚Ä¶,1703636814,klay thompson,87,0,"['bmw', 'Mschool']"
2018-03-05 23:09:20,970798444766883840,"Excited to announce my new banking partner, @OpusBank. The #officialbank of the @ThompsonFamFoun, they have a team‚Ä¶ https://t.co/Dem87TOMuq",1703636814,klay thompson,128,1307,['officialbank']
2018-03-04 19:33:47,970381810264719360,Excited to meet everyone who purchased the limited edition KT3 Rocco! See you at 5PM! https://t.co/EXHZXuPAKJ,1703636814,klay thompson,346,4470,['officialbank']
2018-02-27 16:55:21,968530002269552640,"The Warriors, BMW, and I are going green on March 8, see how we‚Äôve gone green through the years on https://t.co/Kdpdbd3cbW #gogreen #bmw #i8",1703636814,klay thompson,113,1407,"['gogreen', 'bmw', 'i8']"
2018-02-23 15:34:33,967060117651783680,"Behind every ‚ÄúW‚Äù is a whole lot of work. I train and recover hard with the real deal recovery drink, low-fat‚Ä¶ https://t.co/kpWLnPweUk",1703636814,klay thompson,172,2016,"['gogreen', 'bmw', 'i8']"
2018-02-20 20:29:50,966047261355421696,"Thanks for having me @wojespn, and for everyone listening to the The Woj Pod. Check it out if you haven‚Äôt yet at‚Ä¶ https://t.co/5iq7RLBr0u",1703636814,klay thompson,97,1224,"['gogreen', 'bmw', 'i8']"
2018-02-17 18:38:04,964931973151039488,Had a great time chatting with @wojespn on The Woj Pod. Check it out here: https://t.co/Zz2zwmw8J3‚Äã. Thank you to N‚Ä¶ https://t.co/HyYf1apo3K,1703636814,klay thompson,190,1955,"['gogreen', 'bmw', 'i8']"
2018-02-16 16:24:08,964535877648113664,Happy Chinese New Year from Me &amp; Rocco! https://t.co/ienF9BYO5k,1703636814,klay thompson,3790,25660,"['gogreen', 'bmw', 'i8']"
2018-02-07 16:31:45,961276303365165056,How soon can we wrap? @AntaAmerica https://t.co/uZBYnYl2hO,1703636814,klay thompson,650,3601,"['gogreen', 'bmw', 'i8']"
2018-01-25 01:34:24,956339436786130944,"RT @anthonyVslater: Klay Thompson jokes that he will ""request a trade"" if Steph Curry doesn't get him at the All-Star game and then says he‚Ä¶",1703636814,klay thompson,706,0,"['gogreen', 'bmw', 'i8']"
2018-01-20 19:17:29,954795032518705152,Let's Do This! https://t.co/1jOVPRhCsj,1703636814,klay thompson,1153,9553,"['gogreen', 'bmw', 'i8']"
2018-01-15 18:20:53,952968848000430080,"Celebrating his legacy not just today, but every day. Honor him by continuing his work and standing up for those wh‚Ä¶ https://t.co/4MPXNITlTU",1703636814,klay thompson,1120,7720,"['gogreen', 'bmw', 'i8']"
2018-01-11 22:55:17,951588353182334976,So @JaValeMcGee thought he had a chance against me in @CallOfDuty üòÇ...Special edition Parking Lot Chronicles straig‚Ä¶ https://t.co/Q36jh9WBFJ,1703636814,klay thompson,627,3685,"['gogreen', 'bmw', 'i8']"
2018-01-11 06:17:14,951337186154041344,Congrats to my bro @KDTrey5 on 20k career points. It‚Äôs a privilege to witness greatness every night!,1703636814,klay thompson,2479,17920,"['gogreen', 'bmw', 'i8']"
2018-01-10 18:04:26,951152769817239552,"Can‚Äôt stop, won‚Äôt stop. Recovering with @chocolate_milk keeps me going practice after practice.  #BuildIt #ad https://t.co/UeIRC9zKQ3",1703636814,klay thompson,310,2638,"['BuildIt', 'ad']"
2018-01-05 16:04:56,949310755639209989,Happy New Year from me and Rocco https://t.co/RrhRhrdE9U,1703636814,klay thompson,1354,14848,"['BuildIt', 'ad']"
2017-12-25 01:39:33,945106710124838912,"This Christmas, you‚Äôre in for a show. Watch @NBA on @ESPN, and see The #GreatestShowmanüé©, now playing in theaters.‚Ä¶ https://t.co/NWXU11g1S8",1703636814,klay thompson,127,1229,['GreatestShowman']
2017-12-24 23:45:49,945078089393913856,Rocco has been waiting by the tree all day! https://t.co/9lnqCG8d7T,1703636814,klay thompson,1113,11391,['GreatestShowman']
2017-12-24 16:10:13,944963430955413505,Whole family getting in the holiday spirit with the new #KT3 @AntaAmerica https://t.co/P7TwdeOGki,1703636814,klay thompson,267,2907,['KT3']
2017-12-20 00:48:19,943281876252483584,Had a great time at the toy drive the other day! Thanks @JAKKStoys for coming out and donating all these toys for m‚Ä¶ https://t.co/BkGd1f5Xix,1703636814,klay thompson,236,1902,['KT3']
2017-12-19 20:59:25,943224272742367232,"#8 all the way!! Three Championships, Eight All-Star Games, Two Scoring Titles, One slam dunk contest championship,‚Ä¶ https://t.co/I9upuLeNEx",1703636814,klay thompson,159,1549,['KT3']
2017-12-19 20:18:31,943213978838171648,RT @RyanWardLA: Kobe Bryant on Body Armor (@DrinkBODYARMOR) &amp; Klay Thompson throwing a Gatorade bottle off a press table recently: ‚ÄúI thoug‚Ä¶,1703636814,klay thompson,70,0,['KT3']
2017-12-18 21:05:48,942863492868030464,S/O to @SHGames for hosting us this past weekend! #CallofDutyPartner https://t.co/aKfcN4zmks,1703636814,klay thompson,311,2941,['CallofDutyPartner']
2017-12-09 17:55:52,939554203218751493,My workout isn‚Äôt complete until I‚Äôve had my @chocolate_milk. #BuildIt #ad https://t.co/phbncP53MY,1703636814,klay thompson,277,2887,"['BuildIt', 'ad']"
2017-12-05 23:33:05,938189512030613505,"Support journalism and help fulfill the wishes of our neighbors in need. Subscribe to @eastbaytimes, @mercnews,‚Ä¶ https://t.co/336H9IG51i",1703636814,klay thompson,328,1973,"['BuildIt', 'ad']"
2017-11-30 18:32:57,936302044700336128,Shoutout to my boy Robbie Fuller for designing the #KT3 to keep me right on my game. Best shoe yet! https://t.co/nxDTMHeBbG,1703636814,klay thompson,166,1447,['KT3']
2017-11-25 06:39:06,934310458332348418,"Great W @WSUMensHoops, keep it goin!",1703636814,klay thompson,171,2426,['KT3']
2017-11-24 04:29:44,933915512207171584,Had a great time donating turkeys from our turkey drive to the children and community of Acorn and West Oakland. Th‚Ä¶ https://t.co/1L9AkK94G2,1703636814,klay thompson,617,5724,['KT3']
2017-11-10 17:54:33,929044624538083328,Getting the most out of each practice. That‚Äôs why I keep my @chocolate_milk recovery game on-point. #BuildIt #ad https://t.co/ze708Pn0vM,1703636814,klay thompson,283,2083,"['BuildIt', 'ad']"
2017-11-03 23:41:34,926595235668361216,Ever wonder what my pre-game ritual is?  Find out here https://t.co/eFsBxBuhqH   https://t.co/0wBsYMERzn @mercnews‚Ä¶ https://t.co/laPRRDD3RL,1703636814,klay thompson,184,1723,"['BuildIt', 'ad']"
2017-11-02 22:12:19,926210390488367105,"Thanks to all the fans and partners that pledged alongside me for this campaign! Still much to be done, but happy w‚Ä¶ https://t.co/Cab2lr18Qg",1703636814,klay thompson,494,3475,"['BuildIt', 'ad']"
2017-10-29 22:11:01,924760510720905216,"Over 1,100 of us pledging for our friends in Nor Cal. 1 last game tonight to reach our goal, hope you'll join us!‚Ä¶ https://t.co/4CNpA6Cp6D",1703636814,klay thompson,234,1647,"['BuildIt', 'ad']"
2017-10-27 21:55:02,924031710450159616,#BayAreaUnite https://t.co/VI0xBEREp3,1703636814,klay thompson,203,1733,['BayAreaUnite']
2017-10-27 20:36:58,924012065743761408,2 games left in my Points with Purpose campaign for fire relief. Help us reach our new goal and let‚Äôs get after it.‚Ä¶ https://t.co/OIyDEW8Dad,1703636814,klay thompson,492,3084,['BayAreaUnite']
2017-10-27 01:49:58,923728447976771584,"934 people pledging w me, over $4000 per point for relief efforts. I'm blown away. 2 games left, let's keep this up! https://t.co/IRUXEdItDM",1703636814,klay thompson,698,4166,['BayAreaUnite']
2017-10-25 20:05:46,923279438552244224,"Thx to the generosity of fans &amp; partners, we're up to over $2700 per point scored this week! Let's keep growing tha‚Ä¶ https://t.co/F45DUWNUHe",1703636814,klay thompson,734,3894,['BayAreaUnite']
2017-10-24 20:46:15,922927238244208640,@FaZe_Rain Appreciate you bro!,1703636814,klay thompson,20,253,['BayAreaUnite']
2017-10-23 19:35:28,922547037626810369,Thank you to everyone who has pledged to my Points With Purpose campaign! You can still donate by going to‚Ä¶ https://t.co/QUgplByUeF,1703636814,klay thompson,192,1537,['BayAreaUnite']
2017-10-23 19:03:41,922539038304739328,"RT @Kimborania: I pledged $1 per point to ""Klay Thompson's Points with Purpose on https://t.co/mlEyQ55oc0! https://t.co/ni73HBW0jg via @ple‚Ä¶",1703636814,klay thompson,15,0,['BayAreaUnite']
2017-10-23 19:02:50,922538825942892544,"RT @breesespieces: I donated $40 to ""Klay Thompson's Points with Purpose on https://t.co/NEdMvjuWlE! https://t.co/Bg9gQEtxbU via @pledgeit",1703636814,klay thompson,10,0,['BayAreaUnite']
2017-10-21 18:54:27,921811940766183425,@rastaclat @pledgeit Thanks guys!,1703636814,klay thompson,3,67,['BayAreaUnite']
2017-10-21 18:53:56,921811809060786176,@oitzray @pledgeit Thank you Raymond!,1703636814,klay thompson,4,103,['BayAreaUnite']
2017-10-21 18:53:31,921811706707247104,@erin_rose80 Thank you Erin!,1703636814,klay thompson,0,13,['BayAreaUnite']
2017-10-21 18:50:06,921810844912041984,"amazing, thank you!! https://t.co/46OMUGY2Nx",1703636814,klay thompson,87,1630,['BayAreaUnite']
2017-10-20 21:20:45,921486369154793472,@catherinejoysf thank you!!,1703636814,klay thompson,1,154,['BayAreaUnite']
2017-10-20 21:19:38,921486086844579840,@MeaCuppa @pledgeit thank you!,1703636814,klay thompson,1,33,['BayAreaUnite']
2017-10-20 21:19:21,921486018573844480,"@GregYoungJr @pledgeit awesome, thanks!",1703636814,klay thompson,0,61,['BayAreaUnite']
2017-10-20 21:19:03,921485940337594368,@Murrow51 @pledgeit thank you!,1703636814,klay thompson,0,37,['BayAreaUnite']
2017-10-20 19:55:07,921464819206701057,Thank you! Any amount helps! https://t.co/d1TvLMb7I6,1703636814,klay thompson,104,1526,['BayAreaUnite']
2017-10-20 18:53:32,921449320884269056,"During our next 3 home games, I'm pledging $1000 per point to North Bay fire relief. Join me by pledging any amount‚Ä¶ https://t.co/cO5hduvCNy",1703636814,klay thompson,6032,21648,['BayAreaUnite']
2017-10-13 16:15:12,918872759626637312,@rogerfederer Name the time and place. Game on!,1703636814,klay thompson,746,4850,['BayAreaUnite']
2017-10-08 06:45:02,916917331892224001,@ANTAsportswear surprised me with a new pair of KT3‚Äôs ‚ÄúGold Blooded‚Äù. Check the next game. üôå https://t.co/L2HoARxbC4,1703636814,klay thompson,11,93,['BayAreaUnite']
2017-10-05 17:46:46,915996701051121664,Thanks Shanghai for the very early morning welcome! üòÇ https://t.co/8GQpZd8TSp,1703636814,klay thompson,758,6614,['BayAreaUnite']
2017-09-26 21:12:03,912786871289208834,Just wanted to say thank you to all the firefighters and first responders working so hard to put this fire out. https://t.co/KRl4z4zTI4,1703636814,klay thompson,1336,7246,['BayAreaUnite']
2017-09-20 20:26:11,910601001148702720,Got Behind The Wheel of an Indy Car at #GoProGP. Experience the drive with me! https://t.co/xOS3rwFk8y https://t.co/6EjJ4moFaG,1703636814,klay thompson,362,1425,['GoProGP']
2017-09-12 20:35:59,907704364155904000,"Hey #DubNation, Want to come kick with me and @DrinkBODYARMOR? Enter here by Friday: https://t.co/OzsdN9Ro9d  CA ON‚Ä¶ https://t.co/cWTALAPpi2",1703636814,klay thompson,332,1567,['DubNation']
2017-09-08 03:17:56,905993577422925824,#tbt to the Klay Court Dedication at KIPP Bridge Academy. It's an honor to give back to the Oakland youth &amp; communi‚Ä¶ https://t.co/G0S23xCg6C,1703636814,klay thompson,644,3297,['tbt']
2017-08-24 17:52:04,900777745822568452,Surprised some future pro üèÄ players on their home court. Check it out via @chocolate_milk + CBS Sports #BuildIt #ad https://t.co/TGWrK9zXe6,1703636814,klay thompson,165,1167,"['BuildIt', 'ad']"
2017-08-01 03:22:51,892224077250744321,That was my sinker https://t.co/OTNeOYKUo5,1703636814,klay thompson,3973,20792,"['BuildIt', 'ad']"
2017-06-27 01:11:14,879507380299374593,You don‚Äôt become a champ without hard work &amp; proper nutrition. @chocolate_milk has nutrients to refuel and protein‚Ä¶ https://t.co/u70vV29pxc,1703636814,klay thompson,410,2908,"['BuildIt', 'ad']"
2017-06-23 01:33:31,878063437116432384,Dub Nation! Join my teammates at JaVale's Charity Softball Game at Oakland Coliseum this Saturday. For tickets visi‚Ä¶ https://t.co/e75R69TVvM,1703636814,klay thompson,681,5264,"['BuildIt', 'ad']"
2017-06-05 17:54:16,871787269425778688,RT @mdbergin: #NBAFinals subplot: The #Warriors are 29-1 since @KlayThompson signed a toaster on March 13. Didn't play in the loss https://‚Ä¶,1703636814,klay thompson,898,0,"['NBAFinals', 'Warriors']"
2017-06-01 14:36:59,870288069211021313,"To be a pro athlete, you have to be a perfectionist. Take a look via @chocolate_milk + CBS Sports. https://t.co/TiupTy8TTs #BuildIt #ad",1703636814,klay thompson,262,2055,"['BuildIt', 'ad']"
2017-06-01 14:36:10,870287861714567169,"RT @warriors: ""It's an honor to be here for the 3rd time. Dreamed of this this as a kid &amp; still appreciate it now. I don't take it for gran‚Ä¶",1703636814,klay thompson,1182,0,"['BuildIt', 'ad']"
2017-05-30 22:28:28,869681945474551808,Obsessed about bringing a title back to The Bay. #ObsessionIsNatural @DrinkBODYARMOR https://t.co/hW1J1a73Db,1703636814,klay thompson,1265,5530,['ObsessionIsNatural']
2017-05-15 23:59:47,864269109923422208,#ObsessionIsNatural....ComingSoon. @DrinkBODYARMOR https://t.co/7fbVWhnreu,1703636814,klay thompson,448,2721,['ObsessionIsNatural']
2017-05-05 19:27:06,860576605499871232,Want a peek into my daily life &amp; game day rituals? I gave @chocolate_milk &amp; CBS Sports a look. https://t.co/c3zAUEuydX #BuildIt #ad,1703636814,klay thompson,200,1232,"['BuildIt', 'ad']"
2017-03-31 04:41:02,847670046922899458,Check out the behind the scenes from my @chocolate_milk shoot. #TBT üí™ https://t.co/f7KgEA9ZXj,1703636814,klay thompson,241,1877,['TBT']
2017-03-23 21:24:23,845023443703627776,My new üî• @stancehoops socks collection just dropped! Check them out here: https://t.co/6yXOVWaSMk https://t.co/i9R9SXUDrP,1703636814,klay thompson,421,2782,['TBT']
2017-03-12 17:59:13,840985547711561729,"Let's go #DubNation! Gear up for the playoffs. I'll be at Old Navy (801 Market St, SF) from 4-5pm today. Come out and show your pride.",1703636814,klay thompson,413,3241,['DubNation']
2017-03-09 22:26:46,839965711640379392,.@chocolate_milk is the right move after a tough workout. Strong recovery so I can do it again tomorrow. #BuildIt‚Ä¶ https://t.co/fGWuEklyNP,1703636814,klay thompson,335,2415,['BuildIt']
2017-02-28 18:22:19,836642704402493440,"RT @anthonyVslater: Klay Thompson, drilling out a slice of pizza, talks Warriors win in Philly and Kevin Hart being a ""non-factor"" https://‚Ä¶",1703636814,klay thompson,869,0,['BuildIt']
2017-02-28 17:40:45,836632245053992960,Excited to announce I‚Äôm BUILT WITH @chocolate_milk! The right mix of protein &amp; carbs makes it my go-to post-game.‚Ä¶ https://t.co/eYc0TUqjoT,1703636814,klay thompson,387,2101,['BuildIt']
2017-02-23 02:01:08,834583841910042624,Had a great time this weekend. Thanks to everyone that came out. #NBAAllStar #StateFarmSaturday https://t.co/zZK9ytIAbw,1703636814,klay thompson,873,6259,"['NBAAllStar', 'StateFarmSaturday']"
2017-02-21 01:04:34,833844832443441154,Great night with @stancehoops. #stancespades #NBAAllStar https://t.co/FAzkERWOnH,1703636814,klay thompson,334,3031,"['stancespades', 'NBAAllStar']"
2017-02-20 04:28:04,833533657059041280,Shoutout to @k_obrand for collaborating with me and  @antaamerica to make these custom shoes in honor of my grandfa‚Ä¶ https://t.co/hWBIktdNEv,1703636814,klay thompson,790,5541,"['stancespades', 'NBAAllStar']"
2017-02-19 22:07:58,833438001002926080,Another #StateFarmSaturday in the books. Until next year #NBAAllStar,1703636814,klay thompson,321,2443,"['StateFarmSaturday', 'NBAAllStar']"
2017-02-19 18:37:39,833385073097441280,Shoutout to @stancehoops for showing love and donating to the cause. üôå https://t.co/b1c7c9Rlr9,1703636814,klay thompson,125,1257,"['StateFarmSaturday', 'NBAAllStar']"
2017-02-19 18:31:00,833383399515680768,Thanks @DrinkBODYARMOR for keeping me hydrated this week while we did work this week with @nbacares. #NBAAllStar https://t.co/VEmkBCR8pY,1703636814,klay thompson,247,2378,['NBAAllStar']
2017-02-19 01:27:10,833125741978058752,It's time! #StateFarmSaturday is underway on TNT. Tune in now!,1703636814,klay thompson,596,3547,['StateFarmSaturday']
2017-02-18 22:00:35,833073755387736064,Tonight I'll be shooting for Ranfurly Homes for Children! #BucketsforKids https://t.co/4TGuRWiull,1703636814,klay thompson,1220,5876,['BucketsforKids']
2017-02-16 18:21:24,832293820255522816,Almost time for another #StateFarmSaturday.  Who‚Äôs ready?  Don‚Äôt forget to check it out on 2/18 at 8pm EST!,1703636814,klay thompson,384,2659,['StateFarmSaturday']
2017-02-14 21:55:49,831623004618530818,Ready to bring it again for #StateFarmSaturday. Watch all the action on 2/18 at 8pm EST on TNT. Don't miss it!,1703636814,klay thompson,306,2242,['StateFarmSaturday']
2017-01-03 07:26:23,816183911621365760,I see u @WSUMensHoops!! https://t.co/83cRrFMeGs,1703636814,klay thompson,157,1397,['StateFarmSaturday']
2017-01-03 07:22:11,816182857928359936,Good win 2night startin off 2017 the right way. We appreciate u DubNation showing up and supporting us every night!,1703636814,klay thompson,1168,7383,['StateFarmSaturday']
2016-12-31 21:27:08,815308330939793408,U will be missed my friend,1703636814,klay thompson,250,2068,['StateFarmSaturday']
2016-12-31 21:26:58,815308287201591297,RIP Walt Simon. I cherish the times u were in the gym grinding with us every summer. Those times molded me into the player I am 2day.,1703636814,klay thompson,332,3281,['StateFarmSaturday']
2016-12-18 07:11:48,810382036665933824,Go Cougs https://t.co/aejhk7pKh4,1703636814,klay thompson,578,4116,['StateFarmSaturday']
2016-12-15 22:05:34,809519796626690048,RIP Craig. You will be missed greatly by every single hoops fan out there. Sending my condolences to his family #Legend #sagerstrong,1703636814,klay thompson,2596,9603,"['Legend', 'sagerstrong']"
2016-12-10 22:58:31,807721181927370752,"Catch me at leftys on the 16th!! 
For tix üìû 650-697-2274 https://t.co/qlAHtbFZZE",1703636814,klay thompson,269,2063,"['Legend', 'sagerstrong']"
2016-12-07 23:12:10,806637454283280384,You wanna make it rain üëåüèΩ https://t.co/wVXzMKx6On,1703636814,klay thompson,213,1345,"['Legend', 'sagerstrong']"
2016-12-07 23:11:41,806637333525110785,I appreciate @AntaAmerica for making a special edition KT2 to commemorate my 60 piece a couple nights ago. Get em now in the link above if,1703636814,klay thompson,291,2111,"['Legend', 'sagerstrong']"
2016-12-06 07:47:42,806042418709598208,S/O to my squad for setting me up 2night! I don't think I had to take more then 5 dribbles the whole game lol,1703636814,klay thompson,9246,29068,"['Legend', 'sagerstrong']"
2016-11-28 20:57:44,803342133524500480,DubNation! Come join me and my @stancehoops fam tomorrow at @ShoePalace. Gonna be üî• https://t.co/f4wtgKicM7,1703636814,klay thompson,410,2261,"['Legend', 'sagerstrong']"
2016-11-25 19:57:49,802239892436570112,"So this is what @champagnennuts view looks like at ""work""...pretty easy gig if u ask me!! https://t.co/EiLRSjjABL",1703636814,klay thompson,809,5084,"['Legend', 'sagerstrong']"
2016-11-03 20:13:47,794271375288631307,Got Rocco on my new @stancehoops socks! üî•üî• https://t.co/wuJNwZdYnt https://t.co/6ELlqEfYDx,1703636814,klay thompson,527,3146,"['Legend', 'sagerstrong']"
2016-10-09 05:28:07,784988795925958656,So happy I'm witnessing my cougs ball out tonight. Let's go @WSUCougars,1703636814,klay thompson,988,4043,"['Legend', 'sagerstrong']"
2016-09-23 22:59:31,779455181884952576,RT @KMillar15: My man @klaythompson taking a few swings early before #VinScullyDay and I thought he had a tick‚Ä¶ https://t.co/zgMtYZR3m8,1703636814,klay thompson,80,0,['VinScullyDay']
2016-09-20 21:52:11,778351073367060480,Golden memories with the team! Watch all the videos from the journey to Rio on the @SamsungMobileUS #GearVR. #ad https://t.co/ilvO6WHgRt,1703636814,klay thompson,155,1070,"['GearVR', 'ad']"
2016-09-15 01:27:38,776230965291122688,"Gloves up! Live from the Empower The Athlete Within event with @GQ, @INFINITIUSA and @Furthermore. #Q60",1703636814,klay thompson,88,818,['Q60']
2016-09-15 00:35:09,776217757855715328,I'm celebrating the athlete within at Equinox San Mateo with the @INFINITIUSA @Furthermore @GQMagazine #Q60 Empower yourself!,1703636814,klay thompson,118,956,['Q60']
2016-08-23 18:56:02,768159881027260416,U-S-A! Feels good to bring home gold. Episode 2 of 'Chasing The Dream'. Watch on the @SamsungMobileUS #GearVR  #ad https://t.co/5UnSP02n5d,1703636814,klay thompson,217,1466,"['GearVR', 'ad']"
2016-08-18 01:30:45,766084890546868224,üëÄ Check out 'Chasing The Dream' &amp; watch our journey to Rio. Shot with the @SamsungMobileUS #Gear360. https://t.co/C7PrAotQir #ad,1703636814,klay thompson,221,1357,"['Gear360', 'ad']"
2016-08-16 00:20:16,765342375552159744,How Cuz playin with a coconut in his hand tho ü§îüòÇüòÇüòÇüòÇ @boogiecousins  https://t.co/oJmIAJMMdX,1703636814,klay thompson,997,3302,"['Gear360', 'ad']"
2016-08-07 01:06:52,762092614682312704,üòÇüòÇüòÇ let joc and roc live!! https://t.co/rcDp0w25fb,1703636814,klay thompson,268,1619,"['Gear360', 'ad']"
2016-08-01 07:28:03,760014212575801344,G'd up from the üë£ up üá∫üá∏ https://t.co/3NYZWi5xPQ,1703636814,klay thompson,891,3607,"['Gear360', 'ad']"
2016-07-24 04:21:52,757068255475355650,My guy @RyanSheckler put on a show today and made it look easy. Congrats on the win fam!! üèÜ https://t.co/ntxgdQgrOv,1703636814,klay thompson,726,4932,"['Gear360', 'ad']"
2016-06-30 13:08:42,748503528818216961,RT @getshottracker: @KlayThompson Virtual Basketball camp starts July 10th with a live hangout with the All-Star himself. #Playlikeklay htt‚Ä¶,1703636814,klay thompson,259,0,['Playlikeklay']
2016-06-27 13:26:05,747420738928414720,#UNITE https://t.co/F9pelG38a8,1703636814,klay thompson,4890,17577,['UNITE']
2016-05-30 20:00:15,737373073603624960,Happy Memorial Day to all those who have faithfully served to protect our freedoms. We appreciate you!!,1703636814,klay thompson,2382,9600,['UNITE']
2016-05-11 05:05:17,730262480417476608,"RT @MLBONFOX: TRAYCE THOMPSON SPLASH! 

Thomspon WALK-OFF home run, @Dodgers defeat the Mets 3-2.",1703636814,klay thompson,414,0,['UNITE']
2016-05-10 20:54:42,730139020387192832,Congrats to my brother @StephenCurry30 goin back to back! #Unanimous. Keep making history it's an honor to be a part of it!!,1703636814,klay thompson,3705,12249,['Unanimous']
2016-04-26 00:15:17,724753679451054081,‚Äú@getshottracker: Warriors set an NBA record with 21 üí¶üí¶üèÄüèÄüèÄ from deep!!‚Äù Thx for the continued support @getshottracker,1703636814,klay thompson,297,2097,['Unanimous']
2016-04-21 18:20:58,723214964174016512,Raspberry Beret on repeat all day. RIP to the Legend Prince!!,1703636814,klay thompson,1101,4140,['Unanimous']
2016-04-06 16:39:05,717753506015281152,#Dubnation - ditch artificial sports drinks &amp; switch to the #1 natural sports drink @drinkbodyarmor #Switch2Natural https://t.co/uSpg28vMNt,1703636814,klay thompson,170,1053,"['Dubnation', 'Switch2Natural']"
2016-03-28 21:46:31,714569382765068288,Practice. Repetition. Nothing great ever comes easy. https://t.co/mumu8iHRs1 @getShotTracker  #everyshotcounts https://t.co/ilXQHc0bhS,1703636814,klay thompson,649,2942,['everyshotcounts']
2016-03-19 23:18:36,711331066825416704,RT @MychelThompson: üòé #doyers https://t.co/B2OSaKQGhJ,1703636814,klay thompson,71,0,['doyers']
2016-03-19 23:18:06,711330937808683008,RT @DrinkBODYARMOR: Team @DrinkBODYARMOR represent: @KlayThompson @DezBryant #WaddupTho  https://t.co/KpoccKqPSk,1703636814,klay thompson,93,0,['WaddupTho']
2016-03-10 07:20:19,707828414997262337,I'm hearing the @Broncos r in need of a QB. I know Mr. Buckets is still a free agent @Mospeights16 !!!,1703636814,klay thompson,996,3120,['WaddupTho']
2016-03-02 22:39:20,705160591053205504,üî•üî•üî• @stancehoops  https://t.co/3LxDup5MKN,1703636814,klay thompson,159,962,['WaddupTho']
2016-02-13 18:49:36,698579793311215616,Taking over the @DrinkBODYARMOR Twitter handle in 10! Hit me with your questions there,1703636814,klay thompson,94,774,['WaddupTho']
2016-02-13 01:25:40,698317078747488256,ASK ME ANYTHING! Tomorrow @ 2pm EST I‚Äôm taking over the @DrinkBODYARMOR handle. Submit Q‚Äôs starting now w/ #AskKlay https://t.co/ajMeZ4Dj8R,1703636814,klay thompson,187,1165,['AskKlay']
2016-02-11 17:33:28,697835859098251264,Look forward to meeting everyone tomorrow at 6pm! I'll be at @Kia MVP Court at #NBACentreCourt! #NBAAllStarTO,1703636814,klay thompson,97,830,"['NBACentreCourt', 'NBAAllStarTO']"
2016-02-08 17:06:54,696742010699403265,"Bay Area, meet me tonight @LeftysSports w/ @FansAuthentic. #DubNation #FAexclusive https://t.co/rKxQQ4WCjo",1703636814,klay thompson,275,1516,"['DubNation', 'FAexclusive']"
2016-01-22 00:34:02,690331553096794113,.@DrinkBODYARMOR &amp; I giving u the chance to fly to LA &amp; watch us take on @KobeBryant. Check info within pic! https://t.co/mGE1xqXzy9,1703636814,klay thompson,132,824,"['DubNation', 'FAexclusive']"
2016-01-18 19:42:49,689171103588179968,One of the first paintings I ever bought and one of my favorites. His legacy and message is timeless. Happy MLK day https://t.co/L4h6EOesL2,1703636814,klay thompson,1027,3898,"['DubNation', 'FAexclusive']"
2016-01-17 22:32:14,688851349602197504,@MychelThompson  https://t.co/WmfGlkZu04,1703636814,klay thompson,37,303,"['DubNation', 'FAexclusive']"
2016-01-17 22:28:57,688850523055898625,Kookslams/kookoftheday IG is the üêê,1703636814,klay thompson,64,532,"['DubNation', 'FAexclusive']"
2016-01-06 22:41:50,684867500165615616,Nice work @getshottracker on your new multi-player tech. #CES2016 #everyshotcounts,1703636814,klay thompson,71,532,"['CES2016', 'everyshotcounts']"
2015-12-23 08:03:21,679572990409879553,The Juntao cameo was the best part of Star Wars #spoileralert,1703636814,klay thompson,155,801,['spoileralert']
2015-11-23 23:58:59,668941849248206848,.@Money23Green- yes sir! Dope action on #SiegeDay. Watch: https://t.co/a00yi2XjE4 #ad,1703636814,klay thompson,57,493,"['SiegeDay', 'ad']"
2015-11-23 04:18:55,668644873696731136,RT @hbarnes: 15! #DubNation,1703636814,klay thompson,1348,0,['DubNation']
2015-11-20 20:29:10,667801880475537408,"It takes a team to win, right @Money23Green? just like in @Rainbow6Game. Lets get it done #DubNation",1703636814,klay thompson,212,943,['DubNation']
2015-11-15 07:31:55,665794340598345729,Dubs win and the cougs win couldn't ask for a better night,1703636814,klay thompson,702,2608,['DubNation']
2015-11-15 07:31:32,665794244964061186,Gaaaaaaaaaaaabe! Let's go,1703636814,klay thompson,272,1106,['DubNation']
2015-11-09 00:38:08,663515884091084801,RT @bucketsworth: 35 mins till I'm live with @getshottracker get your questions ready,1703636814,klay thompson,24,0,['DubNation']
2015-11-02 01:04:24,660985777568944128,Come hang with me live on @getshottracker https://t.co/UFGZh5MY9V,1703636814,klay thompson,61,373,['DubNation']
2015-11-01 21:13:43,660927722487595008,RT @MychelThompson: #ForzaVarese https://t.co/MIuf6lqqrT,1703636814,klay thompson,37,0,['ForzaVarese']
2015-11-01 06:24:15,660703880485937152,RT @Mbezz13: üòî,1703636814,klay thompson,30,0,['ForzaVarese']
2015-10-28 06:33:47,659256730262614016,It's not about the numbers or the individual accolades. It's about these moments u share with your‚Ä¶ https://t.co/ssG2AXHVxH,1703636814,klay thompson,543,1973,['ForzaVarese']
2015-10-26 01:18:10,658452526342123520,The NBA family lost a great guy today. RIP Flip. Sending my condolences to his team and family https://t.co/tu07ZXCjTA,1703636814,klay thompson,509,1798,['ForzaVarese']
2015-10-22 03:10:01,657031121712996352,Blessed and thankful for the opportunity!!  https://t.co/OuNdACMcd9,1703636814,klay thompson,90,501,['ForzaVarese']
2015-10-19 00:44:47,655907408531869697,A tough weekend for the Thompson fam. But also a great weekend of celebration for Paul and Patty who‚Ä¶ https://t.co/sVnse88YQW,1703636814,klay thompson,60,448,['ForzaVarese']
2015-10-17 12:54:48,655366351444275200,"RT @JayBilas: Almost fell for the bait, almost fell for the hate. And, I'm the same one that let all y'all eat off my plate. I gotta go to ‚Ä¶",1703636814,klay thompson,1266,0,['ForzaVarese']
2015-10-16 22:03:54,655142146618560512,Happy birthday @brockm12. Too many good times on the Palouse and around the world with my guy! #duplex #boyz #bjornstadstwin,1703636814,klay thompson,36,368,"['duplex', 'boyz', 'bjornstadstwin']"
2015-10-15 00:50:02,654459180959404032,Great day to be a warrior https://t.co/ssSFB081an,1703636814,klay thompson,81,490,"['duplex', 'boyz', 'bjornstadstwin']"
2015-10-14 20:37:55,654395734704287744,RT @warriors: Watch out SF - @KlayThompson &amp; @Money23Green have the key to the city! üîë http://t.co/CsGSQFcaLP,1703636814,klay thompson,236,0,"['duplex', 'boyz', 'bjornstadstwin']"
2015-10-12 02:52:40,653402880133632000,RT @Be_LikeIKE: #SKYBLUE ‚õÖÔ∏è,1703636814,klay thompson,25,0,['SKYBLUE']
2015-10-12 00:24:59,653365711331418112,Rocco's new spot Fort Funtson #SF http://t.co/ayxcxAK2H7,1703636814,klay thompson,160,1168,['SF']
2015-10-11 20:33:37,653307486796038144,RT @getshottracker: Primetime is nearing. Get ready w/ @KlayThompson &amp; our experts +70 new drills. The KT3000 starts 11/1. You in? http://t‚Ä¶,1703636814,klay thompson,15,0,['SF']
2015-10-11 01:58:48,653026936319442944,Let's go cougs!!! Woooo!!! Too hyped right now,1703636814,klay thompson,541,1147,['SF']
2015-10-10 03:34:41,652688675738816512,Maya Moore cold blooded,1703636814,klay thompson,419,951,['SF']
2015-10-06 05:08:07,651262638228271104,Thanks for the amazing reception San Jose!! Dubs fans are the best in the world!! #DubNation #TheBaysTeam,1703636814,klay thompson,478,1571,"['DubNation', 'TheBaysTeam']"
2015-10-04 05:19:29,650540721267601408,I would pay a lot of money for an original ABA ball,1703636814,klay thompson,144,824,"['DubNation', 'TheBaysTeam']"
2015-10-02 16:31:23,649985038398783488,Still can't believe what happened in Roseburg. Sending my thoughts and prayers to the families affected by this unimaginable act of violence,1703636814,klay thompson,158,682,"['DubNation', 'TheBaysTeam']"
2015-10-01 22:50:55,649718161554567168,DubNation please wish our leader @SteveKerr a speedy recovery. His presence on the floor will be greatly missed during his time off,1703636814,klay thompson,620,1548,"['DubNation', 'TheBaysTeam']"
2015-09-27 23:58:58,648285736462979073,RT @taliqdavis11: Went to go meet klay Thompson http://t.co/K40THKIMvF,1703636814,klay thompson,75,0,"['DubNation', 'TheBaysTeam']"
2015-09-26 23:52:18,647921668266954752,"RT @Athletics: One pitch, three points! Nice throw @KlayThompson. #GreenCollar üé• http://t.co/WudKNx4mY6",1703636814,klay thompson,379,0,['GreenCollar']
2015-09-15 01:08:25,643592169987543040,"RT @brodiebrazilCSN: Yep, @KlayThompson's bro just went #Splash against the #Athletics. http://t.co/xZkGJyqvH9",1703636814,klay thompson,133,0,"['Splash', 'Athletics']"
2015-09-13 22:22:36,643188052173524992,RT @bward09wsu: @klaythompson go titans.,1703636814,klay thompson,18,0,"['Splash', 'Athletics']"
2015-09-13 22:20:06,643187424365932544,The better team came to play today sorry bro https://t.co/WfcvA55h5J,1703636814,klay thompson,56,278,"['Splash', 'Athletics']"
2015-09-04 00:04:45,639589880385814528,Simply put this video is just amazing. Gets me so hyped to play in front of the best fans in the world this season  https://t.co/BQmJQ1twnz,1703636814,klay thompson,237,790,"['Splash', 'Athletics']"
2015-09-03 21:47:30,639555342469193729,Join me in the Crimzone w/ the O‚ÄôBrien Trophy this Sat. Let‚Äôs pack this place Cougs! @zzucru @wsucougfb @CougarAthFund @WSUCougars #GoCougs,1703636814,klay thompson,274,606,['GoCougs']
2015-09-03 16:53:44,639481411599097856,Check out the new @DrinkBODYARMOR vehicle #UpgradeYourSportsDrink http://t.co/xVeGeKH0UX,1703636814,klay thompson,82,451,['UpgradeYourSportsDrink']
2015-08-31 18:29:14,638418280835739648,üòÇüòÇüòÇüòÇüòÇ https://t.co/ZGdjYpPlZK,1703636814,klay thompson,136,606,['UpgradeYourSportsDrink']
2015-08-26 15:40:43,636563936628772864,My job takes me around the world and I am very grateful for it. Thanks for the fun interview @TravelLeisure!  https://t.co/YrwzTH9ZX9,1703636814,klay thompson,92,536,['UpgradeYourSportsDrink']
2015-08-26 15:29:27,636561098540388352,RT @BDA_Sports: Happy #NationalDogDay from @KlayThompson &amp; Rocco! http://t.co/8LTeliXNdn,1703636814,klay thompson,133,0,['NationalDogDay']
2015-08-26 04:51:06,636400454780366849,@espnSteveLevy @BBTN that's big time Steve ‚úä,1703636814,klay thompson,9,123,['NationalDogDay']
2015-08-26 04:31:08,636395428305473536,I hate to admit it but Trayce might be the best overall athlete in the fam lol,1703636814,klay thompson,1845,3382,['NationalDogDay']
2015-08-26 04:30:43,636395321879232512,RT @whitesox: Recap: Trayce provides clutch hitting in @WhiteSox victory. http://t.co/hhY0lkiygM http://t.co/5Qu9xXzQQ8,1703636814,klay thompson,147,0,['NationalDogDay']
2015-08-26 04:30:39,636395307148840960,"RT @whitesox: Have a night, Trayce. 3-4, 3 RBI's, now batting .522 on the season! http://t.co/UuWklh1Dks",1703636814,klay thompson,316,0,['NationalDogDay']
2015-08-26 04:30:36,636395292980461568,"RT @whitesox: #SOXWIN Final: #WhiteSox 5, Red Sox 4. http://t.co/8A4sU1HYR4",1703636814,klay thompson,202,0,"['SOXWIN', 'WhiteSox']"
2015-08-23 19:50:38,635539664959488000,Day 1s @hbarnes  https://t.co/jPaH8e570J,1703636814,klay thompson,181,778,"['SOXWIN', 'WhiteSox']"
2015-08-23 16:25:59,635488162165297152,@brockm12 üòà...congrats @andrewbogut ...ur üçç game still weak lol https://t.co/ancdAm5qsq,1703636814,klay thompson,25,167,"['SOXWIN', 'WhiteSox']"
2015-08-23 16:15:13,635485451676090368,RT @whitesox: Trayce didn't waste any time getting the #WhiteSox on the board in the 2nd. http://t.co/gi7XIU4Obx http://t.co/ULVbQDSvtd,1703636814,klay thompson,53,0,['WhiteSox']
2015-08-12 09:27:40,631396621608062976,üòÇüòÇüòÇüòÇ welcome to the show rookie  https://t.co/lU7WcSmcLc,1703636814,klay thompson,234,835,['WhiteSox']
2015-08-12 01:35:24,631277775739994112,Lets goooooooooo!!! I see u trizzy! https://t.co/i1as5hsV6C,1703636814,klay thompson,836,1551,['WhiteSox']
2015-08-05 04:56:29,628791662404370432,RT @MychelThompson: The big 3 https://t.co/Jvl2L98MMl,1703636814,klay thompson,48,0,['WhiteSox']
2015-08-05 04:55:19,628791369956499456,RT @joemclean15: In the Show. Trayce Thompson #perseverance https://t.co/RGHHrD3LC1,1703636814,klay thompson,16,0,['perseverance']
2015-08-04 19:17:39,628645994209652737,RT @Dj_E5QUIRE: Spent this last Sunday giving back to the kids of the #SpecialOlympics with @klaythompson! Always fun‚Ä¶ https://t.co/ZdxQu7P‚Ä¶,1703636814,klay thompson,25,0,['SpecialOlympics']
2015-08-02 01:57:37,627659485645946881,Yessir makes me proud to see all the hard work u put in payin off T https://t.co/EGexSF8HjK,1703636814,klay thompson,89,405,['SpecialOlympics']
2015-07-30 22:16:21,626879027177873408,Amen  https://t.co/HQPXVEhAvu,1703636814,klay thompson,77,493,['SpecialOlympics']
2015-07-19 23:13:32,622907151380385793,Mick fanning a beast for that,1703636814,klay thompson,216,777,['SpecialOlympics']
2015-07-17 01:43:04,621857619523694593,"RT @MychelThompson: Blessed for the opportunity, this game can take u all over the world...excited to be joining‚Ä¶ https://t.co/XAG3885LME",1703636814,klay thompson,55,0,['SpecialOlympics']
2015-07-09 21:12:29,619252808307490816,Proud of @JustHolla7 for signing with the Hawks. One of the hardest workers I've been around congrats my man!,1703636814,klay thompson,266,1203,['SpecialOlympics']
2015-07-07 19:42:45,618505450217177089,"It's tough to see my big bro D Lee go, Boston gotta great player and true pro. A true vet who looked‚Ä¶ https://t.co/D1msdyV6n8",1703636814,klay thompson,765,1728,['SpecialOlympics']
2015-07-02 20:44:38,616709086617296896,Excited to be nominated for an @ESPYS award for Best Record Breaking Performance! http://t.co/5EXvqshXhk,1703636814,klay thompson,546,1650,['SpecialOlympics']
2015-06-27 21:08:26,614903135803326464,DONE @getshottracker! Now for some R&amp;R. #KlayCamp see you Sun 5:00 PDT for live awards. http://t.co/H4UTWJfqPl http://t.co/6TlGWCD1Jy,1703636814,klay thompson,83,469,['KlayCamp']
2015-06-26 20:09:17,614525860511551488,5 down 1 to go @getshottracker. Live feed awards Sun 5:00 pm PDT. Join here. http://t.co/H4UTWJfqPl #KlayCamp http://t.co/NPS0VEx1IT,1703636814,klay thompson,83,361,['KlayCamp']
2015-06-26 17:10:32,614480878551502849,Thanks @mophie for helping me stay charged http://t.co/tdah30QxcZ,1703636814,klay thompson,51,520,['KlayCamp']
2015-06-25 19:42:57,614156846819995651,"@getShotTracker Matthew5 up top at 90%, but no Day 4 yet. JordanTreyBoyd on it early today w/92%. #KlayCamp http://t.co/pKsiU2fzps",1703636814,klay thompson,24,137,['KlayCamp']
2015-06-25 18:31:22,614138833710489600,Man take me back please! #bestfansintheworld https://t.co/dK39tOHrZc,1703636814,klay thompson,348,1308,['bestfansintheworld']
2015-06-24 20:08:17,613800835848404992,3 down 3 to go. Hip Flip saved me today. JordanTreyBoyd thx for the ST love.@getshottracker #KlayCamp http://t.co/9nvv6BCpHZ,1703636814,klay thompson,71,353,['KlayCamp']
2015-06-24 18:06:34,613770202547793921,RIP president Floyd. Did so much for the Cougs what a great man,1703636814,klay thompson,248,811,['KlayCamp']
2015-06-23 18:51:37,613419152246583296,"My Tues #KlayCamp workout is history. Meredith Kennedy in the 13 spot, NICE. Keep at it everyone. @getshottracker http://t.co/HFeOJdsFDg",1703636814,klay thompson,105,507,['KlayCamp']
2015-06-23 01:04:42,613150656145195008,"Check out Bob, the newest member of the Splash Brothers!  #Minions
http://t.co/3jjESAB3TV",1703636814,klay thompson,260,775,['Minions']
2015-06-22 18:54:56,613057600708460544,Monday's workout DONE @getshottracker. Let's see yours #KlaysVirtualCamp. Nice work KDDESILUS on the early start. http://t.co/naZNqYJgIc,1703636814,klay thompson,131,618,['KlaysVirtualCamp']
2015-06-19 20:20:23,611991938619707392,üèÜüéâ http://t.co/TAcrZ6Ztu0,1703636814,klay thompson,7731,17396,['KlaysVirtualCamp']
2015-06-18 17:25:08,611585448490631168,Still in shock. We appreciate all the love Bay Area can't wait to celebrate with everybody tomorrow,1703636814,klay thompson,2158,7066,['KlaysVirtualCamp']
2015-06-01 05:47:49,605249372276682752,Had a great time watching Chavez throw that gem today. Appreciate the hospitality @OaklandAs!!,1703636814,klay thompson,626,2344,['KlaysVirtualCamp']
2015-05-14 21:33:42,598964429661704192,"RT @landryfields: You're never more of an adult than when it rains and you say, ""well, we needed it."" 

#CaliforniaDrought",1703636814,klay thompson,212,0,['CaliforniaDrought']
2015-05-10 19:30:47,597483943278092288,Happy Mother's Day mom. I wouldn't be the man or professional I am without your guidance along the way! https://t.co/RWSDXuVmno,1703636814,klay thompson,141,806,['CaliforniaDrought']
2015-05-04 23:31:20,595370151698006016,It couldn't have gone to a more deserving player. So happy for Steph #squad #DubNation http://t.co/AFfq1ZWMOd,1703636814,klay thompson,1375,3583,"['squad', 'DubNation']"
2015-05-01 17:19:12,594189337798975488,RT @TheBlurBarbosa: Turn up @E40 music #ChoicesYup https://t.co/Wbez6FD5Vl,1703636814,klay thompson,154,0,['ChoicesYup']
2015-04-28 20:24:00,593148683153117184,RT @getshottracker: Want to win a free ShotTracker signed by @KlayThompson? Follow us &amp; RT to enter to win. http://t.co/WT9nEgBr8n http://t‚Ä¶,1703636814,klay thompson,266,0,['ChoicesYup']
2015-04-27 15:00:32,592704889366704130,Pumped to announce I'm teaming with @getshottracker! I'm running #KlaysVirtualCamp in June. It's free. Sign up: http://t.co/fFMtPEG8lg,1703636814,klay thompson,87,325,['KlaysVirtualCamp']
2015-04-27 03:23:10,592529390719868928,Feels good to celebrate a hard fought series victory and a Santa Cruz Warriors championship weekend.‚Ä¶ https://t.co/eyuc4tGcHw,1703636814,klay thompson,175,698,['KlaysVirtualCamp']
2015-04-23 03:50:26,591086701121966080,Happy Earth Day üåé#getthatcarbonfootprintright,1703636814,klay thompson,213,745,['getthatcarbonfootprintright']
2015-04-22 17:21:30,590928425151434752,RT @Mospeights16: Early flight to New Orleans ‚úàÔ∏è‚úàÔ∏è‚úàÔ∏è business trip #dubnation,1703636814,klay thompson,92,0,['dubnation']
2015-04-21 20:13:33,590609336654766080,Congrats bro bring the ship back to the Cruz!! https://t.co/N1fWKUkZD1,1703636814,klay thompson,121,596,['dubnation']
2015-04-21 00:49:49,590316475451224064,Playoff basketball at oracle life doesn't get much better. Lets get it DubNation!,1703636814,klay thompson,912,1919,['dubnation']
2015-04-18 04:17:29,589281570894139393,RT @AdobeDocCloud: .@KlayThompson can hit a basket. Can you? Share your best document dunk using #AdobeDocCloud: http://t.co/exVHfbn4jY htt‚Ä¶,1703636814,klay thompson,35,0,['AdobeDocCloud']
2015-04-15 23:59:03,588491757358219265,Final tune up gotta finish strong,1703636814,klay thompson,376,934,['AdobeDocCloud']
2015-04-14 20:38:42,588078948698959873,If you got game text KLAY to 63566. CA Residents only and program ends 4/30 #LetsGo #UpgradeYourSportsDrink,1703636814,klay thompson,47,223,"['LetsGo', 'UpgradeYourSportsDrink']"
2015-04-14 20:38:34,588078915291389952,What up #DubNation. My sports drink @DrinkBODYARMOR is giving you the chance to shoot 3‚Äôs vs me http://t.co/9kFjwuhMAo,1703636814,klay thompson,210,891,['DubNation']
2015-04-13 16:48:19,587658586718732289,"RT @buddyhield: Thank God For Life, Health and Strength üôèüí™‚úäüíØ",1703636814,klay thompson,210,0,['DubNation']
2015-04-13 02:08:11,587437093971853312,I appreciate everybody who came out to leftys today. Your loyalty to the squad is greatly appreciated!! #DubNation,1703636814,klay thompson,79,539,['DubNation']
2015-04-11 19:18:58,586971723431419906,RT @MychelThompson: Always good having my bros @klaythompson &amp; jackw885 come to my games https://t.co/s7xx2MmOk1,1703636814,klay thompson,15,0,['DubNation']
2015-04-11 05:16:38,586759740190892032,@MychelThompson was hoopin tonight. Great W @DLeagueWarriors!! #ontothenextround,1703636814,klay thompson,52,289,['ontothenextround']
2015-04-11 02:42:32,586720962399223809,Out here lets go http://t.co/hSMNDdqZZJ,1703636814,klay thompson,136,839,['ontothenextround']
2015-04-10 07:25:36,586429808935993344,Great W 2night. Congrats to my man @StephenCurry30 for breaking his own record! It's a privilege to witness greatness every night! #MVP,1703636814,klay thompson,772,1706,['MVP']
2015-04-09 19:09:42,586244615432470529,Proud to be part of the the @drinkbodyarmor team @target #upgradeyoursportsdrink,1703636814,klay thompson,39,268,['upgradeyoursportsdrink']
2015-04-07 00:54:17,585244167074254848,Wisconsin-73 Duke-68,1703636814,klay thompson,284,656,['upgradeyoursportsdrink']
2015-04-06 07:52:02,584986909992095744,It was great seeing PG back in hoopin last night. The league ain't the same without him!,1703636814,klay thompson,227,836,['upgradeyoursportsdrink']
2015-04-05 20:18:11,584812296842555392,RT @AbeLodwick: Thankful for this day üôå Happy Easter to friends and family back home üî∑Mark 16:6üî∑,1703636814,klay thompson,17,0,['upgradeyoursportsdrink']
2015-04-05 20:14:12,584811292281573377,‚Äú@hbarnes: #PrayForKenya http://t.co/YT0O0foIyD‚Äù,1703636814,klay thompson,103,347,['PrayForKenya']
2015-04-05 20:12:30,584810865611812865,Stand For üéß,1703636814,klay thompson,67,313,['PrayForKenya']
2015-04-05 16:15:23,584751196197388288,Happy Easter!! Enjoy it with u fam &amp; loved ones and Thank the one above for LIfe!!,1703636814,klay thompson,335,840,['PrayForKenya']
2015-04-05 09:54:58,584655461258924032,That's Deep #equality4all http://t.co/kaEsdGeaCq,1703636814,klay thompson,856,1534,['equality4all']
2015-04-05 06:07:48,584598290290745345,RT @Mospeights16: Coach Kerr!!!!!! Congratulations on being the winningest rookie coach in NBA history. Well deserved accomplishment. @Stev‚Ä¶,1703636814,klay thompson,379,0,['equality4all']
2015-04-04 22:50:38,584488274460155904,Last regular season road trip of the year. Man where'd the season go!! LoL #DubNation,1703636814,klay thompson,307,1038,['DubNation']
2015-03-25 09:06:38,580657027954819072,RT @StephenCurry30: Trying to do some special things this year and this is a great checkpoint along the way! Love this‚Ä¶ https://t.co/wuotOP‚Ä¶,1703636814,klay thompson,387,0,['DubNation']
2015-03-20 03:26:42,578759542051241984,craziest first day of the tourney I've ever seen,1703636814,klay thompson,506,1030,['DubNation']
2015-03-20 01:27:43,578729599787364353,Not that mad tho bracket still solid,1703636814,klay thompson,120,517,['DubNation']
2015-03-20 01:26:10,578729210287509504,These refs couldn't call this unc game any softer,1703636814,klay thompson,164,449,['DubNation']
2015-03-19 19:37:00,578641339111239680,üòÇ‚Äú@HamzaAbdullah21: Iowa State.... http://t.co/eV3XYMR9ow‚Äù,1703636814,klay thompson,85,302,['DubNation']
2015-03-15 00:58:41,576910354287996928,RT @MychelThompson: Little bro got a cannon #proudolderbro #thatboycold https://t.co/0pT3YfPNy1,1703636814,klay thompson,27,0,"['proudolderbro', 'thatboycold']"
2015-03-06 03:09:24,573681758098485248,Oooh üîäüîäüîä,1703636814,klay thompson,109,389,"['proudolderbro', 'thatboycold']"
2015-03-06 02:37:06,573673630380388352,"RT @iamKrayzieBone: Anger, resentment and jealousy doesn't change the heart of others, it only changes yours.",1703636814,klay thompson,220,0,"['proudolderbro', 'thatboycold']"
2015-03-05 07:54:38,573391150700101633,We missed u oracle. Great W and happy bday @Money23Green #hedoesitall,1703636814,klay thompson,232,934,['hedoesitall']
2015-02-22 02:00:58,569315881190187008,"RT @HAbdullah39: Assassinated 50yrs ago today, but his influence will live on forever. #MalcolmX50 http://t.co/I6IqbReh9y",1703636814,klay thompson,61,0,['MalcolmX50']
2015-02-16 07:14:23,567220428318322688,What a weekend!,1703636814,klay thompson,528,1936,['MalcolmX50']
2015-02-15 16:15:20,566994177175871488,Can't wait to see all the fans lined up today at @Kia NBA House Moynihan Station! #NBAHouse #NBAAllStarNYC http://t.co/RFxTxLcnCY,1703636814,klay thompson,50,378,"['NBAHouse', 'NBAAllStarNYC']"
2015-02-15 05:58:51,566839032207138816,Proud of my bro @StephenCurry30 greatest shooter in the history of the game!,1703636814,klay thompson,2133,4080,"['NBAHouse', 'NBAAllStarNYC']"
2015-02-14 22:37:20,566727920727519232,Thanks Samsung soho for having me today http://t.co/pYzdHqqlkR,1703636814,klay thompson,47,465,"['NBAHouse', 'NBAAllStarNYC']"
2015-02-13 23:49:53,566383792282013698,Come see me @modells penn plaza tonight. Will be here until 8pm #NBAAllStar,1703636814,klay thompson,53,234,['NBAAllStar']
2015-02-13 23:16:08,566375297952784385,@ESPNNBA Mully and T Hardaway aka killer crossover (92'-93') #NBATrivia,1703636814,klay thompson,62,193,['NBATrivia']
2015-02-13 20:12:41,566329133379387392,Blue steel or magnum? http://t.co/E0xa7HE5Jy,1703636814,klay thompson,77,368,['NBATrivia']
2015-02-13 04:38:12,566093961266495488,Honored to join Team Anta. Looking forward to our partnership for years to come! http://t.co/UriJFrWCdR,1703636814,klay thompson,299,974,['NBATrivia']
2015-02-12 05:49:43,565749570169503744,Still got it fellas ur boy is Mario btw @AbeLodwick @enquist40 @brockm12 #lightwork from @fezzyfel &amp; @klacobprime http://t.co/FReB7EvuIA,1703636814,klay thompson,88,493,['lightwork']
2015-02-12 05:16:06,565741111659220992,"RT @andrewbogut: Damn this guy @andrewbogut is already passed out on the table, AGAIN, B4 the flight has even taken off! #lightweight http:‚Ä¶",1703636814,klay thompson,202,0,['lightweight']
2015-02-11 18:16:35,565575139958722560,RT @Yg_Trece: RIP Jerry Tarkanian!,1703636814,klay thompson,395,0,['lightweight']
2015-02-09 04:54:49,564648592556961792,Thanks for all the birthday love. I'm thankful to be 25 years young doing what I love with great people around me! #feelingblessed,1703636814,klay thompson,744,3140,['feelingblessed']
2015-02-09 03:11:09,564622503591817216,American Ninja Warrior is crazy,1703636814,klay thompson,112,642,['feelingblessed']
2015-02-09 02:48:35,564616823434641410,"RT @DLeagueWarriors: Entering the final frame, the Warriors edge the @DFenders 82-78. @MychelThompson scored 16pts in the third quarter, to‚Ä¶",1703636814,klay thompson,18,0,['feelingblessed']
2015-02-06 01:39:02,563512157321838592,A Charlie Sifford biopic needs to be made,1703636814,klay thompson,22,180,['feelingblessed']
2015-02-06 01:35:52,563511358692794368,‚Äú@bucketsworth: Bangorz! http://t.co/wdaGdgdaNB‚Äù GOAT,1703636814,klay thompson,42,274,['feelingblessed']
2015-02-03 03:05:36,562446779359039488,J jack had him on skates for the win!,1703636814,klay thompson,135,419,['feelingblessed']
2015-02-02 02:57:44,562082411035361280,Antonio freeman 2.0,1703636814,klay thompson,90,247,['feelingblessed']
2015-02-02 02:33:52,562076403181432833,"""The Slap""....üòÇüòÇüòÇüòÇüòÇ",1703636814,klay thompson,337,680,['feelingblessed']
2015-02-02 00:30:15,562045295693807617,RT @Dlee042: Why so many depressing commercials?,1703636814,klay thompson,453,0,['feelingblessed']
2015-01-28 19:01:44,560513069852680192,"Have you guys tried @drinkbodyarmor? I been drinking it this season and
it‚Äôs working for me. Let me know what you guys think?",1703636814,klay thompson,62,252,['feelingblessed']
2015-01-24 08:26:35,558903676689842176,Man...what a night. Gotta give credit to my teammates most unselfish group I ever played with. God is good!,1703636814,klay thompson,7756,14153,['feelingblessed']
2015-01-18 22:09:56,556936553419649025,‚Äú@Jack2358: @KlayThompson punter bro‚Äù I stand corrected,1703636814,klay thompson,28,178,['feelingblessed']
2015-01-18 22:07:37,556935969996161024,A kickers dream come true right there,1703636814,klay thompson,237,469,['feelingblessed']
2015-01-13 19:13:27,555080199084056576,Nice little breakfast date between @JustHolla7 &amp; @hbarnes this AM  #thattablestoosmallfor2 http://t.co/ziOzK8aAbB,1703636814,klay thompson,200,856,['thattablestoosmallfor2']
2015-01-11 03:47:41,554122446786134016,Big bro balled out tonight,1703636814,klay thompson,49,318,['thattablestoosmallfor2']
2015-01-11 02:22:08,554100919390859264,What a beautiful ball between Wilson &amp; kearse,1703636814,klay thompson,95,323,['thattablestoosmallfor2']
2015-01-10 22:24:08,554041023769223168,@JustHolla7 yessir! Go cougs,1703636814,klay thompson,7,78,['thattablestoosmallfor2']
2015-01-09 22:02:33,553673205433368577,Gotta take advantage of this home stand and finish it out strong tonight! #DubNation,1703636814,klay thompson,234,720,['DubNation']
2015-01-09 21:22:19,553663078957449216,Preach Milton! http://t.co/KTeSzqMpdQ,1703636814,klay thompson,440,645,['DubNation']
2015-01-06 23:38:26,552610171042529280,Felt great to participate in the #WeG.I.V.E. #HashtagLunchbag with @warriors fans and @esurance http://t.co/1iAUzVvRiJ,1703636814,klay thompson,167,761,"['WeG', 'HashtagLunchbag']"
2015-01-06 00:29:37,552260665260257280,It doesn't matter who were up against oracle is always gonna be rockin' and were extremely thankful for that. #DubNation #BestFans #GameDay,1703636814,klay thompson,484,1203,"['DubNation', 'BestFans', 'GameDay']"
2015-01-04 23:10:21,551878327087034369,Let's go cougs http://t.co/ygqc3tcTqx,1703636814,klay thompson,168,600,"['DubNation', 'BestFans', 'GameDay']"
2015-01-04 23:00:39,551875887168110592,RIP Stuart Scott one of the greatest at what he did and even better person,1703636814,klay thompson,350,906,"['DubNation', 'BestFans', 'GameDay']"
2015-01-03 06:58:02,551271250169823233,RT @warriors: .@KlayThompson taking part in a postgame Q&amp;A with fans who checked in and helped Dub the Vote on Facebook. #NBABallot http://‚Ä¶,1703636814,klay thompson,102,0,['NBABallot']
2015-01-02 04:02:54,550864786666176513,Lets go pac 10,1703636814,klay thompson,64,295,['NBABallot']
2015-01-01 03:27:24,550493465423773696,Year 2000 was 15 years ago? Sheesh,1703636814,klay thompson,553,793,['NBABallot']
2014-12-30 06:52:34,549820321537089536,@JenBeyrle üëÄüëÄüëÄ! Greatest tourney ever growing up,1703636814,klay thompson,3,42,['NBABallot']
2014-12-30 03:04:14,549762860516007936,For the 1st time in my 4 years in the bay I get to watch my cougs play this weekend üôè,1703636814,klay thompson,149,688,['NBABallot']
2014-12-29 20:41:57,549666654695596032,@StevieThunder33 u know where to find me steve,1703636814,klay thompson,2,33,['NBABallot']
2014-12-29 20:39:18,549665988312973312,Buckets! #NBALIVE15 #ad http://t.co/hdHD5y6m5X http://t.co/gKKuzEK4qk,1703636814,klay thompson,23,125,"['NBALIVE15', 'ad']"
2014-12-29 16:24:56,549601974107131905,Good breakfast spot in oakland?,1703636814,klay thompson,25,204,"['NBALIVE15', 'ad']"
2014-12-29 15:20:24,549585735557214208,Still can't believe vlade hit that half court heeve last week that was crazy lol #theycouldntmiss,1703636814,klay thompson,87,333,['theycouldntmiss']
2014-12-29 14:46:54,549577305094254592,Trivia crack üëå,1703636814,klay thompson,92,356,['theycouldntmiss']
2014-12-29 14:12:45,549568709870620672,Too cold in the bay right now,1703636814,klay thompson,148,354,['theycouldntmiss']
2014-12-29 10:13:22,549508465933037568,Most powerful movie I've seen in a long time a must watch for everyone http://t.co/ZR1BmRqsow,1703636814,klay thompson,67,348,['theycouldntmiss']
2014-12-18 20:56:54,545684151655882752,RT @MychelThompson: Always good having my little bro come watch me play in my first game back @klaythompson http://t.co/TwQ0NnY0IJ,1703636814,klay thompson,20,0,['theycouldntmiss']
2014-12-17 22:58:03,545352250629976064,On my off day really!!? http://t.co/X73iqdzMC6,1703636814,klay thompson,333,1146,['theycouldntmiss']
2014-12-17 22:44:29,545348838081314817,‚Äú@Mospeights16: The life Steve McNair üëçüëçüëçüëçüëç‚Äù favorite QB growing up,1703636814,klay thompson,22,118,['theycouldntmiss']
2014-12-16 16:29:58,544892197116444673,RIP Tori Johnson a true cougar legend and hero,1703636814,klay thompson,47,166,['theycouldntmiss']
2014-12-09 05:22:04,542187402987855872,RT @Mospeights16: Another great win... #dubnation!!! #13 s/o to my bro @fezzyfel for staying ready tonight!!!!,1703636814,klay thompson,84,0,['dubnation']
2014-12-09 04:55:27,542180703551913985,Great road trip haven't been this excited to get back to the bay in a long time!,1703636814,klay thompson,173,761,['dubnation']
2014-12-07 05:59:55,541472149274636288,12 straight!! Newest member of the splash family @Money23Green #dubnation,1703636814,klay thompson,938,1831,['dubnation']
2014-11-29 04:45:01,538554199400009729,Wish I could be in Pullman for apple cup weekend #GoCougs,1703636814,klay thompson,259,551,['GoCougs']
2014-11-28 22:13:55,538455773542887424,"RT @MychelThompson: Hope everyone had a great thanksgiving, I'm thankful for these dudes!!! http://t.co/HmwOJdQiwU",1703636814,klay thompson,17,0,['GoCougs']
2014-11-28 02:18:55,538155042885607424,Wilson the new air McNair,1703636814,klay thompson,66,207,['GoCougs']
2014-11-27 05:41:34,537843655974092800,"RT @hbarnes: #repost from the fam @shaunlivingston ""SQUAAAD GOIN....UP #Barbosawiththeadlibs"" @stephencurry30‚Ä¶ http://t.co/p1bpnZaZoK",1703636814,klay thompson,74,0,"['repost', 'Barbosawiththeadlibs']"
2014-11-24 03:15:37,536719761573691392,Moe buckets,1703636814,klay thompson,522,942,"['repost', 'Barbosawiththeadlibs']"
2014-11-19 23:18:18,535210486338695170,RT @NBA2K: .@KlayThompson took time at the Thanksgiving with Warriors Food Drive to compete with his young fans at #NBA2K15! http://t.co/3V‚Ä¶,1703636814,klay thompson,92,0,['NBA2K15']
2014-11-19 17:57:45,535129819647066113,"""Love the game baby""",1703636814,klay thompson,248,409,['NBA2K15']
2014-11-01 18:39:17,528617288883527680,Life doesn't get much better then opening night at oracle. Let's go #DubNation,1703636814,klay thompson,669,1365,['DubNation']
2014-10-24 04:40:46,525507167579693057,RT @hbarnes: #DubNation is always on point. Thank you to everyone that came out to open practice tonight!,1703636814,klay thompson,78,0,['DubNation']
2014-10-23 21:33:30,525399642758848512,Look forward to seeing DubNation at open practice tonight! #warmthemvocalsuprooks #weallbeenthere #awfulexperience,1703636814,klay thompson,69,293,"['warmthemvocalsuprooks', 'weallbeenthere', 'awfulexperience']"
2014-10-19 20:41:12,523936928463585280,Yea Gavin,1703636814,klay thompson,38,116,"['warmthemvocalsuprooks', 'weallbeenthere', 'awfulexperience']"
2014-10-19 04:49:19,523697379321843712,@nedovic1624 is weak #lightwork http://t.co/unFpUy4h7E,1703636814,klay thompson,69,273,['lightwork']
2014-10-19 00:00:11,523624617668521984,‚Äú@hbarnes: Watchin @KlayThompson get destroyed by @Money23Green in 2K right now #passthesticks‚Äù sensationalism at it's finest,1703636814,klay thompson,43,203,['passthesticks']
2014-10-18 04:02:04,523323097701961728,RT @HAbdullah39: Chillin with fellow Coug @klaythompson after he dropped 29pts on the Heat. #GoCougs http://t.co/qqP6C59tdu,1703636814,klay thompson,40,0,['GoCougs']
2014-10-15 22:24:33,522513386937286656,Both my fantasy teams strugglin,1703636814,klay thompson,62,198,['GoCougs']
2014-10-12 20:49:35,521402321343770624,"Remember 2 weeks ago when some so called ""experts"" claimed we were seeing the end of tom brady üò∂",1703636814,klay thompson,100,245,['GoCougs']
2014-10-11 03:26:36,520777458769858560,"‚Äú@HistoricalPics: Bob Marley and The Jackson Five in Jamaica, 1975 http://t.co/jPE8cRvdvo‚Äù straight legends right there #GOATS",1703636814,klay thompson,121,269,['GOATS']
2014-10-10 22:17:50,520699757505703936,@thepete2011 lol touch√©,1703636814,klay thompson,1,27,['GOATS']
2014-10-10 22:10:13,520697838573867009,RT @jeffhiro: We are proud of Ex WSU Coug Brock Motum on his quest to the NBA.  Charlie Enquist n Devin Jones reunite with Brock. http://t.‚Ä¶,1703636814,klay thompson,14,0,['GOATS']
2014-10-10 22:04:14,520696331484930048,We live in the generation of media overstimulation,1703636814,klay thompson,226,372,['GOATS']
2014-10-08 06:51:36,519741887347843072,Felt great to put the dubs uni back on 2night,1703636814,klay thompson,239,841,['GOATS']
2014-10-07 06:26:59,519373300716150784,Annabelle was crazy üò®,1703636814,klay thompson,73,299,['GOATS']
2014-10-04 02:32:26,518227114357583872,Biiiiig at bat,1703636814,klay thompson,13,98,['GOATS']
2014-10-04 02:29:08,518226282614894592,Rosenthal throwin ‚õΩÔ∏è,1703636814,klay thompson,18,126,['GOATS']
2014-09-30 02:56:28,516783607474823168,@HAbdullah39 with the pic 6 I see u! #GoCougs,1703636814,klay thompson,27,68,['GoCougs']
2014-09-28 02:52:55,516057940789563392,Pch cruisin,1703636814,klay thompson,21,105,['GoCougs']
2014-09-27 19:47:02,515950762354933761,"‚Äú@HistoricalPics: Robert De Niro and Al Pacino on the set of The Godfather Part II, 1974 http://t.co/LgmrmUn29o‚Äù skyblue @ReggieePro",1703636814,klay thompson,44,165,['GoCougs']
2014-09-27 01:24:47,515673372337123328,Ur a strong individual if u don't eat ur chick fa let on the ride home,1703636814,klay thompson,220,398,['GoCougs']
2014-09-24 16:50:59,514819293083885568,Handing out FIFA fades all day #fortheüçû,1703636814,klay thompson,62,195,['forthe']
2014-09-21 05:47:05,513565056333012992,That non P.i call has me sick,1703636814,klay thompson,181,269,['forthe']
2014-09-21 02:40:36,513518123966681088,@NickWagner11 it's upset season wags üòà,1703636814,klay thompson,2,29,['forthe']
2014-09-21 02:36:33,513517106596683777,Duck huntin time lets go Cougs!,1703636814,klay thompson,50,187,['forthe']
2014-09-17 21:40:23,512355411391823872,About to see what trayce's golf game is lookin like,1703636814,klay thompson,11,117,['forthe']
2014-09-16 05:06:03,511742789336698880,Ladera's never felt so good,1703636814,klay thompson,29,134,['forthe']
2014-09-16 02:32:35,511704168772694016,Rocco's gonna freak out,1703636814,klay thompson,27,151,['forthe']
2014-09-15 22:50:55,511648383153754113,"RT @repjohnlewis: Never forget Addie Mae Collins, Cynthia Wesley, Carole Robertson and Denise McNair killed 51 yrs ago today in 16th St Bap‚Ä¶",1703636814,klay thompson,234,0,['forthe']
2014-09-14 22:12:14,511276261122248704,We did this for our country and PG,1703636814,klay thompson,2209,3446,['forthe']
2014-09-14 13:26:49,511144034648076288,1 more,1703636814,klay thompson,295,495,['forthe']
2014-09-13 21:21:44,510901166738120704,Thank u @realmadrid for being great hosts. What an amazing experience I will be back in the future to‚Ä¶ http://t.co/ZDdmG0WfqT,1703636814,klay thompson,74,177,['forthe']
2014-09-13 15:44:03,510816183201697792,@nedovic1624 @StephenCurry30 your lucky your not out there cuz I'd lock u up #nicelife,1703636814,klay thompson,90,154,['nicelife']
2014-09-13 08:51:42,510712414522732544,Excited to see Madrid today,1703636814,klay thompson,97,237,['nicelife']
2014-09-13 01:09:50,510596179956994048,@Sbeyrle üòÇüòÇ hank the legend,1703636814,klay thompson,1,25,['nicelife']
2014-09-12 22:31:29,510556331364073472,Is Diablo 3 nice? Idk if anything can top Diablo 2 tho that game was the goat,1703636814,klay thompson,50,180,['nicelife']
2014-09-12 17:32:31,510481094840295424,@HamzaAbdullah21 man I was trippin! I thought it was just me lol that's good to know,1703636814,klay thompson,2,29,['nicelife']
2014-09-11 17:32:44,510118757621325824,We have a special opportunity tonight to honor those who perished on that tragic unforgettable day 13 years ago by playing as hard as we can,1703636814,klay thompson,758,1164,['nicelife']
2014-09-10 21:30:00,509816083055120384,Gobert is ballin out,1703636814,klay thompson,163,178,['nicelife']
2014-09-09 22:36:20,509470389060124672,Great W tonight,1703636814,klay thompson,91,370,['nicelife']
2014-09-08 22:45:51,509110393394839552,üôå Amen‚Äú@Zarifbros: Don't gain the world and lose your soul; wisdom is worth more then silver or gold #bobmarley #staytrue‚Äù,1703636814,klay thompson,29,99,"['bobmarley', 'staytrue']"
2014-09-08 11:53:40,508946265510772736,Football has the most bandwagon fans...easily #stayloyaltoyoursquad #itsonlyweekone,1703636814,klay thompson,115,272,"['stayloyaltoyoursquad', 'itsonlyweekone']"
2014-09-08 00:23:56,508772692015595520,Worst part of fantasy football is when someone on ur bench balls out and that 20 points is useless üòë,1703636814,klay thompson,282,479,"['stayloyaltoyoursquad', 'itsonlyweekone']"
2014-09-07 22:08:03,508738495230140416,Snapchats of the club are the weakest,1703636814,klay thompson,187,414,"['stayloyaltoyoursquad', 'itsonlyweekone']"
2014-09-07 20:53:03,508719617435373568,RT @MontePooleCSN: @KlayThompson @RattoCSN Truth: Jack Johnson story should be required viewing or reading in every high school American Hi‚Ä¶,1703636814,klay thompson,7,0,"['stayloyaltoyoursquad', 'itsonlyweekone']"
2014-09-07 20:39:29,508716207240134657,@RattoCSN true. I'll check it out on this 16 hr journey back to Cali in a week,1703636814,klay thompson,1,25,"['stayloyaltoyoursquad', 'itsonlyweekone']"
2014-09-07 20:32:12,508714373305487360,@RattoCSN 1970 tho that's way before my generations time lol we need a remake,1703636814,klay thompson,2,24,"['stayloyaltoyoursquad', 'itsonlyweekone']"
2014-09-07 20:29:24,508713668020686848,@DanWoikeSports yea but more Hollywood style one like ray or the new james brown movie. I feel like it would reach more people,1703636814,klay thompson,3,23,"['stayloyaltoyoursquad', 'itsonlyweekone']"
2014-09-07 20:21:52,508711771503206400,They need to make a biopic of Jack Johnson (the boxer) can't imagine what he heard and went thru,1703636814,klay thompson,10,78,"['stayloyaltoyoursquad', 'itsonlyweekone']"
2014-09-07 19:18:31,508695831235424257,@dothejaypanc shut up the raiders are about to comeback on y'all lol,1703636814,klay thompson,2,29,"['stayloyaltoyoursquad', 'itsonlyweekone']"
2014-09-07 19:16:30,508695319916187648,"‚Äú@ryan262784:@KlayThompson why do you like the titans‚Äù Steve McNair, Eddie George, Javon Kearse, Keith Bullock were my fav players growin up",1703636814,klay thompson,96,272,"['stayloyaltoyoursquad', 'itsonlyweekone']"
2014-09-07 19:11:17,508694008227319808,Yea titans,1703636814,klay thompson,60,149,"['stayloyaltoyoursquad', 'itsonlyweekone']"
2014-09-07 04:02:55,508465411130548224,If you don't like this song you probably don't have a soul Lol http://t.co/wP2Ur5HFdz,1703636814,klay thompson,190,615,"['stayloyaltoyoursquad', 'itsonlyweekone']"
2014-09-06 07:44:50,508158868354920448,Tourney time,1703636814,klay thompson,61,233,"['stayloyaltoyoursquad', 'itsonlyweekone']"
2014-09-05 22:48:23,508023870105092096,Been hoopin against these 2 since I was 14. Now playin for our country. #surreal #caliboys‚Ä¶ http://t.co/p9SZw12Vy5,1703636814,klay thompson,52,161,"['surreal', 'caliboys']"
2014-09-05 12:14:57,507864459407532035,Got to swim in the Mediterranean Sea this AM with my boy @mehr_alejandro.Saltiest water I ever been‚Ä¶ http://t.co/Mxj6CRn5Z8,1703636814,klay thompson,19,94,"['surreal', 'caliboys']"
2014-09-04 22:12:43,507652503878373376,Barcelona,1703636814,klay thompson,124,298,"['surreal', 'caliboys']"
2014-09-03 21:27:04,507278630565986305,Great W. 1 more in pool play gotta finish strong,1703636814,klay thompson,118,368,"['surreal', 'caliboys']"
2014-09-02 19:11:31,506882127141433344,@AbeLodwick üòÇüòÇüòÇüòÇ touch√© #doublebutterondeck,1703636814,klay thompson,1,24,['doublebutterondeck']
2014-09-02 18:48:14,506876269930504192,@AbeLodwick wow u video game snob. I haven't been impressed with ur kart game since 96',1703636814,klay thompson,2,27,['doublebutterondeck']
2014-09-02 17:54:49,506862824711548928,Real proud of my uncle AT for winning a Emmy. The man has some serious skills behind the camera and making films üé¨üé•,1703636814,klay thompson,8,120,['doublebutterondeck']
2014-09-01 23:50:12,506589875488186369,@Jigga2cal ur a hater support ur country #unfollow,1703636814,klay thompson,15,47,['unfollow']
2014-09-01 17:50:42,506499403193282562,Real recognize real thats familiar,1703636814,klay thompson,230,283,['unfollow']
2014-09-01 09:13:51,506369332059074560,RT @ChrisPalmerNBA: Orcas weigh 16K pounds (that's 4 Escalades). Can leap 25 ft out of water. World's best athletes. #freetheorcas http://t‚Ä¶,1703636814,klay thompson,426,0,['freetheorcas']
2014-09-01 02:44:02,506271232011272192,"""Wake up, wake up, wake up it's the 1st of the monnnnnth
To get up, get up, get up so cash your checks and get uuuuuuup""
#BTNH4Life",1703636814,klay thompson,93,219,['BTNH4Life']
2014-08-30 23:08:32,505854612885475328,I can watch this video all day. Chick Hearn is a legend #thebesttoeverdoit https://t.co/nAajNpnWSp,1703636814,klay thompson,18,101,['thebesttoeverdoit']
2014-08-30 00:31:16,505513044328607744,Follow my once in a lifetime journey in Spain on instagram: @klaythompson,1703636814,klay thompson,36,168,['thebesttoeverdoit']
2014-08-29 18:13:31,505417982793641984,@neilstover that's what real fans do Neil's,1703636814,klay thompson,2,27,['thebesttoeverdoit']
2014-08-29 18:10:23,505417192179908609,Happy birthday to the GOAT Michael Jackson. The greatest performer to ever live! #bumpinMJallday,1703636814,klay thompson,63,190,['bumpinMJallday']
2014-08-29 15:29:14,505376638071095296,RT @usabasketball: A look at @KlayThompson's sweet jumper on the #PhantomCam! #USABMNT #spain2014 https://t.co/Yf5z9a5nfF,1703636814,klay thompson,658,0,"['PhantomCam', 'USABMNT', 'spain2014']"
2014-08-28 16:24:42,505028208455340033,RT @deonebucannon20: Go Cougs!!! Show the nation what y'all about tonight!!! #BeatRutgers http://t.co/2iB5U9lZMN,1703636814,klay thompson,91,0,['BeatRutgers']
2014-08-28 12:15:05,504965391068971008,"Jon Stewart is so real for this. #respect 
http://t.co/sHzHDHMdnp",1703636814,klay thompson,34,89,['respect']
2014-08-28 03:42:39,504836433086263297,Up at 5 30 am in Bilbao for my fantasy draft #dedication #donttrusttheautopick http://t.co/SWhA6ejwoQ,1703636814,klay thompson,457,1197,"['dedication', 'donttrusttheautopick']"
2014-08-27 23:55:23,504779238260875266,@fezzyfel #philosophicalfezzyfel,1703636814,klay thompson,5,68,['philosophicalfezzyfel']
2014-08-27 22:35:24,504759109577879553,This is how I feel trying to speak Spanish with the locals: https://t.co/zu1iBbxb96,1703636814,klay thompson,39,141,['philosophicalfezzyfel']
2014-08-27 22:16:53,504754449181851648,Had to teach @AndreDrummondd a lil somethin about bones. Didn't even let him build a house üò≥ Lol http://t.co/7TO2lDX02M,1703636814,klay thompson,69,300,['philosophicalfezzyfel']
2014-08-27 17:31:47,504682701958701056,@bucketsworth @SniperKR1 don't drown bro üòÇ i need someone to workout with back home and I want video proof,1703636814,klay thompson,1,21,['philosophicalfezzyfel']
2014-08-27 17:22:50,504680451009945600,@bucketsworth no chance u got the guts to get in that swell lol,1703636814,klay thompson,1,22,['philosophicalfezzyfel']
2014-08-27 17:20:45,504679925639835649,Bilbao es muy bonita üá™üá∏#spanishspeakinggameonpoint,1703636814,klay thompson,189,239,['spanishspeakinggameonpoint']
2014-08-27 10:27:21,504575891486167040,@AbeLodwick stop talkin about ur golf game like that loddy,1703636814,klay thompson,1,24,['spanishspeakinggameonpoint']
2014-08-27 10:10:03,504571537609875457,Tiger tiger woods yall http://t.co/rMjAj8NWXe,1703636814,klay thompson,163,718,['spanishspeakinggameonpoint']
2014-08-27 00:59:12,504432912180445184,Gotta shout out these 2 beauty's on #NationalDogDay #Rocco #Lady http://t.co/deCDJmU7cm,1703636814,klay thompson,96,576,"['NationalDogDay', 'Rocco', 'Lady']"
2014-08-26 20:50:39,504370360650039296,Super hyped my boy @brockm12 came thru the game 2night! #Boyz #Duplex #Cougsareworldwide üåç http://t.co/ax1oVzTtgU,1703636814,klay thompson,84,435,"['Boyz', 'Duplex', 'Cougsareworldwide']"
2014-08-26 10:56:20,504220798237024257,Game day on the island,1703636814,klay thompson,94,304,"['Boyz', 'Duplex', 'Cougsareworldwide']"
2014-08-25 07:33:40,503807407425077248,Murder was the case by snoop is still the realist rap video I've ever seen. #Beengivingmethechillssince94',1703636814,klay thompson,33,143,['Beengivingmethechillssince94']
2014-08-24 22:18:51,503667781125300224,@andy_murray no problem bro good luck this week take it easy on the Americans tho! lol,1703636814,klay thompson,4,37,['Beengivingmethechillssince94']
2014-08-24 16:05:31,503573831295193089,‚Äú@hbarnes: @andrewbogut #nicelifebogey‚Äù üòÇ Nedo learns from the best,1703636814,klay thompson,10,108,['nicelifebogey']
2014-08-24 05:29:03,503413658505191426,My current location #wherenotinkansasanymore http://t.co/42Bta05jdq,1703636814,klay thompson,78,461,['wherenotinkansasanymore']
2014-08-23 18:22:38,503245948102148097,Grand canaria ‚úàÔ∏è,1703636814,klay thompson,31,132,['wherenotinkansasanymore']
2014-08-23 17:24:28,503231310975221762,I can't stop laughin at my last RT tho üòÇüòÇüòÇüòÇüòÇüòÇ,1703636814,klay thompson,58,274,['wherenotinkansasanymore']
2014-08-23 17:23:52,503231157237198848,"RT @FunnyVines: Who dat who dat 
That I-G-G-BYE 
https://t.co/sLAHsJswKc",1703636814,klay thompson,10576,0,['wherenotinkansasanymore']
2014-08-23 16:16:29,503214200542744576,@chopchop_15 @StephenCurry30 amen to that. my guy @25_Caliber is next in line! #lightskincoalition,1703636814,klay thompson,13,45,['lightskincoalition']
2014-08-23 16:00:35,503210201831731200,@chopchop_15 you'll never hear me say that about UW tho! Haha keep killin up there and as always Go Cougs!,1703636814,klay thompson,44,87,['lightskincoalition']
2014-08-23 15:59:38,503209959044415488,@chopchop_15 thanks bro even tho I gotta roll with my Bay Area squads I respect what u and the hawks have done for sports in the northwest!,1703636814,klay thompson,6,59,['lightskincoalition']
2014-08-23 15:49:16,503207349977632768,@jeffhiro thanks Hiro hope all is good in the PNW!,1703636814,klay thompson,2,21,['lightskincoalition']
2014-08-23 15:47:27,503206895235391488,My #WcW is my girl @HannahStocking. Man she's fine Lol #someonetellherimlookingforher #idontcareitssaturday,1703636814,klay thompson,114,299,"['WcW', 'someonetellherimlookingforher', 'idontcareitssaturday']"
2014-08-23 09:58:41,503119123149500416,@MarkJackson13 thanks coach appreciate it!,1703636814,klay thompson,13,88,"['WcW', 'someonetellherimlookingforher', 'idontcareitssaturday']"
2014-08-23 08:37:59,503098814505713665,Can't believe I got to compete for team USA and a world championship. Thanks to all the people along the way who helped me get here! #LetsGo,1703636814,klay thompson,522,1489,['LetsGo']
2014-08-23 02:45:19,503010063905472512,I'm gonna get this ice bucket challenge don't worry y'all. been called out like crazy #TeamGleason #Nowhiteflags,1703636814,klay thompson,72,296,"['TeamGleason', 'Nowhiteflags']"
2014-08-21 20:38:39,502555402836643840,RT @NBA: #USABMNT reps @boogiecousins &amp; @KlayThompson surprised kids at the @nikebasketball Youth Clinic at Dyckman! http://t.co/VqwoR6afKq,1703636814,klay thompson,127,0,['USABMNT']
2014-08-19 22:31:35,501859047357042689,RT @MychelThompson: Walkin in Central Park earlier üóΩ http://t.co/5tdPVUe9bg,1703636814,klay thompson,5,0,['USABMNT']
2014-08-19 21:29:03,501843310458441730,Rarely take selfies but when I do it's with one of the greatest golfers on the planet! #IwasTrollingHard http://t.co/g9H7iJnGMF,1703636814,klay thompson,205,751,['IwasTrollingHard']
2014-08-19 17:38:24,501785264440999937,RT @Money23Green: Just got some great work in!!! How can you not LOVE this game,1703636814,klay thompson,35,0,['IwasTrollingHard']
2014-08-16 22:15:02,500767720011354113,Game day in august?? Ok lets get it then,1703636814,klay thompson,337,832,['IwasTrollingHard']
2014-08-16 02:57:31,500476418984542209,RT @JayBilas: The U.S. Men's National Team. Looks like a Gold Medal squad to me. @usabasketball #FIBAWorldCup http://t.co/SnGM3w7p3N,1703636814,klay thompson,276,0,['FIBAWorldCup']
2014-08-15 22:00:39,500401710162907139,RIP Jay Adams. The man was a legend with a board under his feet.,1703636814,klay thompson,50,155,['FIBAWorldCup']
2014-08-15 20:36:59,500380654769827842,@nikebasketball üî•üá∫üá∏ http://t.co/IArYeMCfMu,1703636814,klay thompson,136,456,['FIBAWorldCup']
2014-08-15 02:47:04,500111402821251072,Trayce was ballin tonight 2 homers,1703636814,klay thompson,19,146,['FIBAWorldCup']
2014-08-14 19:39:52,500003893976510464,@ThompsonScribe @TheJoshAVinson üòÇ I was just sayin I couldn't imagine u as a boss. Poor guy,1703636814,klay thompson,3,36,['FIBAWorldCup']
2014-08-12 16:42:07,499234386123186176,Chicago,1703636814,klay thompson,49,220,['FIBAWorldCup']
2014-08-12 02:40:35,499022605471322113,RT @MCHammer: I hear the voice of my Brothers Blood crying out ... #RIPMikeBrown #SolidarityWithFergunson #DontShoot http://t.co/sK9Se1MfTJ,1703636814,klay thompson,288,0,"['RIPMikeBrown', 'SolidarityWithFergunson', 'DontShoot']"
2014-08-12 00:29:54,498989720731672577,Jumanji was one of my favorite movies as a kid. Sad day. RIP robin williams,1703636814,klay thompson,565,963,"['RIPMikeBrown', 'SolidarityWithFergunson', 'DontShoot']"
2014-08-11 04:00:47,498680401724841984,@StevieThunder33 @MarcusCapers0 stop runnin from the FIFA fades üò≥‚öΩÔ∏è lol,1703636814,klay thompson,1,17,"['RIPMikeBrown', 'SolidarityWithFergunson', 'DontShoot']"
2014-08-11 03:39:07,498674948039131136,@MarcusCapers0 and hunter pence got the sand throwing motion üòÇ,1703636814,klay thompson,1,25,"['RIPMikeBrown', 'SolidarityWithFergunson', 'DontShoot']"
2014-08-07 21:07:37,497489263311609857,RT @darrenrovell: New Nike Paul George ad http://t.co/zzcArGLddd,1703636814,klay thompson,4826,0,"['RIPMikeBrown', 'SolidarityWithFergunson', 'DontShoot']"
2014-08-07 01:28:24,497192499790639104,‚Äú@andre: 94!‚Äù I see u. Still weak tho,1703636814,klay thompson,42,137,"['RIPMikeBrown', 'SolidarityWithFergunson', 'DontShoot']"
2014-08-01 23:43:38,495354195135180801,What an amazing opportunity to wear USA across my chest against some of the best in the world! So thankful for this opportunity,1703636814,klay thompson,237,668,"['RIPMikeBrown', 'SolidarityWithFergunson', 'DontShoot']"
2014-07-31 22:01:07,494966009070362624,How bout them A's,1703636814,klay thompson,187,392,"['RIPMikeBrown', 'SolidarityWithFergunson', 'DontShoot']"
2014-07-31 01:28:42,494655863026905088,"RT @BhamBarons: Trayce Thompson gives the Barons a 3-1 lead with a BOOMING 2-run homer, his team-leading 12th of the year! #VoteBabeRuffBar‚Ä¶",1703636814,klay thompson,12,0,"['RIPMikeBrown', 'SolidarityWithFergunson', 'DontShoot']"
2014-07-30 05:47:17,494358547048579072,@andrewbogut haaaa my hold em game is nice bogey,1703636814,klay thompson,16,80,"['RIPMikeBrown', 'SolidarityWithFergunson', 'DontShoot']"
2014-07-30 05:44:28,494357841197539328,I would never wanna be at the same table with this man! #PokerLegend #JohhnyChan http://t.co/YCQlMhe1Xu,1703636814,klay thompson,71,430,"['PokerLegend', 'JohhnyChan']"
2014-07-29 01:37:37,493933328505274369,RT @usabasketball: The #SplashBrothers doing what makes them great. Post-practice shooting contest. #USABMNT #hardworkpaysoff http://t.co/n‚Ä¶,1703636814,klay thompson,387,0,"['SplashBrothers', 'USABMNT', 'hardworkpaysoff']"
2014-07-28 22:33:35,493887018594615296,‚Äú@ReggieePro: Mad love to my boy @KlayThompson trying out for the USA team‚Äù thanks homie,1703636814,klay thompson,14,101,"['SplashBrothers', 'USABMNT', 'hardworkpaysoff']"
2014-07-26 17:34:55,493087079245824002,@Jigga2cal haaaa thanks for that early morning laugh diggs I needed that,1703636814,klay thompson,1,16,"['SplashBrothers', 'USABMNT', 'hardworkpaysoff']"
2014-07-26 17:22:15,493083892547846144,When's that new madden comin out?,1703636814,klay thompson,37,111,"['SplashBrothers', 'USABMNT', 'hardworkpaysoff']"
2014-07-26 04:22:29,492887658775842816,Hoopin and bon-firing at capo beach just like the good old days üèÄüî•,1703636814,klay thompson,24,204,"['SplashBrothers', 'USABMNT', 'hardworkpaysoff']"
2014-07-26 01:32:30,492844877852712960,The dodgeball scene in billy Madison never gets old #Sandlersprime,1703636814,klay thompson,47,186,['Sandlersprime']
2014-07-25 00:20:33,492464386087596032,‚Äú@Dheeraj_Sareen: @KlayThompson : We should have saved that studio playlist on YouTube. That was an epic playlist. üîäüîâüîä‚Äù we hit every decade,1703636814,klay thompson,5,40,['Sandlersprime']
2014-07-25 00:07:05,492460995877826561,"‚Äú@WSUCougars: Lights, camera, action! Connor Halliday at #pac12fb Media Day! #GoCougs http://t.co/g3PPkKNB6X‚Äù u lied ur still at WSU",1703636814,klay thompson,5,74,"['pac12fb', 'GoCougs']"
2014-07-25 00:01:48,492459668133117953,@AbeLodwick No u can't cuz ur awful on the grill,1703636814,klay thompson,1,18,"['pac12fb', 'GoCougs']"
2014-07-24 23:42:12,492454735195422720,Stir it up üéß,1703636814,klay thompson,34,138,"['pac12fb', 'GoCougs']"
2014-07-24 22:15:31,492432919676596224,Thank u Jeff Rodgers and all the Bahamian kids who made it out to camp this week! http://t.co/PIFVxidbzD,1703636814,klay thompson,21,170,"['pac12fb', 'GoCougs']"
2014-07-22 16:51:55,491626707376304128,"RT @BhamBarons: MUST SEE: Trayce Thompson channels his brother @KlayThompson with a leaping catch at the wall! #posterized
http://t.co/qzrx‚Ä¶",1703636814,klay thompson,25,0,['posterized']
2014-07-22 01:23:16,491393003043307522,Prayin for Michael Cooper hope he's alright #LakerLegend,1703636814,klay thompson,43,143,['LakerLegend']
2014-07-21 23:38:14,491366572208840704,‚Äú@MichaelWRogers1: I like shopping at ikea because I feel like I completed a scavenger hunt when I'm done!‚ÄùüòÇ best tweet u ever had,1703636814,klay thompson,6,54,['LakerLegend']
2014-07-20 20:55:57,490963345500282880,Nassau bound,1703636814,klay thompson,17,121,['LakerLegend']
2014-07-19 23:26:49,490638921555247105,Only Legends roll with English bullys üê∂üòÇ http://t.co/gY74EPLbfO,1703636814,klay thompson,413,1154,['LakerLegend']
2014-07-18 20:06:29,490226119270883329,"""@HistoricalPics: Lyndon B. Johnson http://t.co/skoCto1FVa"" he's ballin for that",1703636814,klay thompson,158,323,['LakerLegend']
2014-07-17 00:37:57,489569660174495744,Super hyped to have @BRush_25 on the squad!,1703636814,klay thompson,289,512,['LakerLegend']
2014-07-15 01:31:46,488858426139631616,@JoeyBats19 killin,1703636814,klay thompson,14,38,['LakerLegend']
2014-07-14 17:33:51,488738158104702976,"""@Kirwan421: @KlayThompson... Bone-Thugs... Check out @106KMEL's Tweet: http://t.co/NypygLGVzr‚Ä¶"" I'll be there",1703636814,klay thompson,10,44,['LakerLegend']
2014-07-13 17:41:13,488377624163401729,‚úàÔ∏èTo the BAY,1703636814,klay thompson,95,395,['LakerLegend']
2014-07-12 10:17:12,487903495480422400,Transformers is 2 hr 45 min too long,1703636814,klay thompson,144,399,['LakerLegend']
2014-07-12 03:39:49,487803491146944514,‚Äú@TonyPaniciSC: Just conquered the seas and the sky's at the same time. @KlayThompson @AnthonyNuccio #flyboard‚Äù #jetpacklife,1703636814,klay thompson,10,43,"['flyboard', 'jetpacklife']"
2014-07-09 20:57:24,486977442381193217,Thank u @Sport_Science for havin me on! Good times #QuickRelease #ShootTheLightsOut http://t.co/t2okoeqUsc,1703636814,klay thompson,125,507,"['QuickRelease', 'ShootTheLightsOut']"
2014-07-09 01:16:57,486680374173396992,@CoachBeck1 No problem thanks for the gym!,1703636814,klay thompson,3,17,"['QuickRelease', 'ShootTheLightsOut']"
2014-07-07 21:18:35,486257999032238081,@bucketsworth @YuNGFAB32 @humblebucks yessir!,1703636814,klay thompson,3,18,"['QuickRelease', 'ShootTheLightsOut']"
2014-07-05 04:52:44,485285123899006976,Pikilo pete üí£'s all night,1703636814,klay thompson,37,132,"['QuickRelease', 'ShootTheLightsOut']"
2014-07-04 00:56:52,484863379299786753,RT @TakeOverTae: Just because we in the world doesn't mean we have to be of the world,1703636814,klay thompson,83,0,"['QuickRelease', 'ShootTheLightsOut']"
2014-07-01 21:51:23,484091922680541185,That woulda been crazy,1703636814,klay thompson,67,183,"['QuickRelease', 'ShootTheLightsOut']"
2014-07-01 21:34:42,484087725666996224,Tim Howard for MVP,1703636814,klay thompson,246,379,"['QuickRelease', 'ShootTheLightsOut']"
2014-07-01 04:41:58,483832864857800705,Time bomb by iration is the absolute truth üé∂üòÇ,1703636814,klay thompson,135,392,"['QuickRelease', 'ShootTheLightsOut']"
2014-07-01 04:40:41,483832541120454656,RT @AbeLodwick: Chalk it up to life XP,1703636814,klay thompson,5,0,"['QuickRelease', 'ShootTheLightsOut']"
2014-06-23 22:49:11,481207365903974400,#capobeach http://t.co/78Pejf2Reg,1703636814,klay thompson,169,673,['capobeach']
2014-06-22 23:54:07,480861322729361408,Dang that hurts,1703636814,klay thompson,160,286,['capobeach']
2014-06-22 23:42:14,480858332123504641,Clint Dempsey!!!! I'm elated üòã,1703636814,klay thompson,125,284,['capobeach']
2014-06-22 23:14:17,480851296308559872,Trickyyyyy,1703636814,klay thompson,36,151,['capobeach']
2014-06-16 08:59:11,478461775654842369,RT @DrewLeague: .@KlayThompson and @MychelThompson spending the day with their father Mychal at #thedrew. #FathersDay http://t.co/8D10Ljzgmv,1703636814,klay thompson,155,0,"['thedrew', 'FathersDay']"
2014-06-12 21:43:37,477204602383638528,Tough call,1703636814,klay thompson,29,131,"['thedrew', 'FathersDay']"
2014-06-12 21:26:09,477200206895648768,Croatia might have the best jersey tho,1703636814,klay thompson,83,224,"['thedrew', 'FathersDay']"
2014-06-10 02:23:29,476187869686423552,RT @warriors: . @KlayThompson recently returned stateside after spending a few days in Istanbul. Photos from his trip: http://t.co/VWUnuUDN‚Ä¶,1703636814,klay thompson,27,0,"['thedrew', 'FathersDay']"
2014-06-09 07:02:30,475895698370879488,Back to Cali üôå,1703636814,klay thompson,78,430,"['thedrew', 'FathersDay']"
2014-06-09 00:46:11,475800993591218176,Belinelli where u goin lol,1703636814,klay thompson,135,264,"['thedrew', 'FathersDay']"
2014-06-08 20:39:50,475738996111597568,RT @thespontaneist: Rafa is the realest. #FrenchOpen,1703636814,klay thompson,10,0,['FrenchOpen']
2014-06-08 15:59:03,475668336622469120,"‚Äú@Ysfnc57: Im the happiest warriors fan now, thank you so much @KlayThompson http://t.co/Da4AczRmaJ‚Äù no problem thank u!",1703636814,klay thompson,13,177,['FrenchOpen']
2014-06-08 04:30:07,475494958439604224,I gotta old soul when it comes to music,1703636814,klay thompson,134,387,['FrenchOpen']
2014-06-08 04:10:39,475490062944440320,‚Äú@Mateen_Cleaves: @KlayThompson Good stuff bro!!!!!‚Äù Thanks for having me on the show my man,1703636814,klay thompson,5,55,['FrenchOpen']
2014-06-07 15:47:12,475302967663673344,RT @AytekinSelcuk: Selfie from @KlayThompson 3X Istanbul http://t.co/tCmywAg43O,1703636814,klay thompson,46,0,['FrenchOpen']
2014-06-04 18:44:43,474260476851806208,Istanbul ‚úàÔ∏è,1703636814,klay thompson,48,228,['FrenchOpen']
2014-06-02 05:07:24,473330014306316289,Rappers Ball üéß #BayArea,1703636814,klay thompson,74,249,['BayArea']
2014-06-02 03:12:54,473301201518592000,3 game 7 w's on the road shheeesh #respect,1703636814,klay thompson,89,246,['respect']
2014-06-01 18:05:53,473163539918499840,Been givin this dude buckets since 92'. Happy birthday @MychelThompson! Love u bro wouldn't be here without ya! http://t.co/febtRJCWDX,1703636814,klay thompson,73,396,['respect']
2014-06-01 17:35:40,473155933988589568,@OBJ_3 Yessir it was good kickin it last night!,1703636814,klay thompson,7,45,['respect']
2014-05-27 00:37:20,471087724913778688,RT @MychelThompson: Hey I know that guy!!! Supporting the little bro http://t.co/UpazjBmtog,1703636814,klay thompson,8,0,['respect']
2014-05-26 22:06:34,471049782669365248,Thank u to our veterans and military your contributions never go unnoticed. Never take the freedoms we have in this country for granted!,1703636814,klay thompson,137,368,['respect']
2014-05-25 20:21:08,470660863234281473,On my way to Birmingham to see the little bro ball out! ‚öæÔ∏è @BhamBarons,1703636814,klay thompson,39,177,['respect']
2014-05-05 23:15:27,463456972126572544,"Results of an awesome shoot with @StephenCurry30 and @ESPNMag, talking @netflix and road rituals check it out!",1703636814,klay thompson,39,232,['respect']
2014-04-29 18:25:19,461209630836666369,"RT @chamath: Strong, unambiguous and right decision by Adam Silver.  Proud to be a part of @NBA today.",1703636814,klay thompson,47,0,['respect']
2014-04-19 18:41:49,457589905506308096,Let's get it dubnation,1703636814,klay thompson,878,1171,['respect']
2014-04-17 06:03:37,456674319439900672,Great way to finish the regular season #DubNation,1703636814,klay thompson,381,830,['DubNation']
2014-04-16 01:35:48,456244536704909312,@BhamBarons yessir that's the plan!,1703636814,klay thompson,3,31,['DubNation']
2014-04-05 05:58:47,452324448763265024,Who had the dunk of the night @Mospeights16 or @jcraw55???,1703636814,klay thompson,80,278,['DubNation']
2014-04-02 18:36:04,451427864341012480,Dawn of the dead is on I'm hyped #favoritezombiemovie,1703636814,klay thompson,40,208,['favoritezombiemovie']
2014-04-02 04:45:02,451218726621179904,Almost forgot happy birthday @MarkJackson13. Not only a great coach but a great friend &amp; mentor to all us on the team,1703636814,klay thompson,114,445,['favoritezombiemovie']
2014-04-02 04:20:20,451212512898203648,Great W tonight real proud everybody on this team. Steph is too clutch #DubNation,1703636814,klay thompson,512,966,['DubNation']
2014-03-28 08:23:07,449461669404487680,RT @Bgibson04: X had a great year. Wishing him nothing but success in his journey to the league,1703636814,klay thompson,6,0,['DubNation']
2014-03-28 04:48:06,449407559716204544,@THA_Thrill44 Or the black knights vs UCF #upsetcity,1703636814,klay thompson,1,25,['upsetcity']
2014-03-27 20:02:19,449275242754494464,Look what I did to @Mospeights16 in madden and it's only the 1st qtr üò≥ http://t.co/StnDTggrxz,1703636814,klay thompson,93,401,['upsetcity']
2014-03-21 07:09:00,446906304603234304,RT ‚Äú@Mospeights16: It doesn't matter who we play #dubnation always there to support the team!! Thanks #dubnation #blessed!!‚Äù,1703636814,klay thompson,37,187,"['dubnation', 'dubnation', 'blessed']"
2014-03-21 01:43:17,446824335617957888,Nothin like game day at oracle,1703636814,klay thompson,295,766,"['dubnation', 'dubnation', 'blessed']"
2014-03-20 20:45:18,446749342200651776,RT @ShooterMcGavin_: A rare picture of my friend with both his hands: A maestro with a golf club and on the piano #throwbackthursday http:/‚Ä¶,1703636814,klay thompson,436,0,['throwbackthursday']
2014-03-20 20:28:23,446745086412349440,Harvard your killin me,1703636814,klay thompson,115,288,['throwbackthursday']
2014-03-18 21:09:27,446030644246630401,"RT @NBA: Happy Birthday, Brian @Scalabrine! #WhiteMambaDay http://t.co/aAqv9mfST8",1703636814,klay thompson,5713,0,['WhiteMambaDay']
2014-03-17 04:56:20,445423367005286400,@HAbdullah39 thanks fam! #GoCougs,1703636814,klay thompson,7,40,['GoCougs']
2014-03-15 23:40:04,444981386857164800,Thompson family. We will always love and miss u Grandpa T!,1703636814,klay thompson,82,418,['GoCougs']
2014-03-15 23:39:24,444981217180786690,I wanted to pay tribute to S.Dewitt Thompson. One of the wisest men I ever met and full of the spirit of God. A true patriarch of the,1703636814,klay thompson,46,334,['GoCougs']
2014-03-15 23:37:23,444980712765407232,A tough but great day. 1st off happy birthday Trayce he's been a great little bro for 23 years now. Love ya TNT!,1703636814,klay thompson,32,221,['GoCougs']
2014-03-15 01:29:22,444646503974707201,Good luck tonight fellas and happy birthday @StephenCurry30 #SplashBrothers,1703636814,klay thompson,568,1037,['SplashBrothers']
2014-03-11 04:49:48,443247394096832512,NW house party 2 #90sBaby,1703636814,klay thompson,59,205,['90sBaby']
2014-03-11 04:18:49,443239595115704320,Thank u to all the fans who came out tonight much appreciated!,1703636814,klay thompson,65,414,['90sBaby']
2014-03-10 06:14:51,442906411308048384,"RT @warriors: Big thanks once again to @sdotcurry &amp; @MychelThompson for taking over our account. Good genes, huh? #SplashBrothers http://t.‚Ä¶",1703636814,klay thompson,437,0,['SplashBrothers']
2014-03-09 20:26:44,442758405719998464,Great W last night cougs,1703636814,klay thompson,60,256,['SplashBrothers']
2014-03-08 02:40:56,442127800745472000,@CindyBrunsonAZ thanks Cindy #GoCougs,1703636814,klay thompson,2,42,['GoCougs']
2014-03-07 16:42:23,441977169527324672,Can't wait to be back at oracle 2night!,1703636814,klay thompson,216,665,['GoCougs']
2014-03-07 05:23:33,441806335336660993,Best part about being home is being reunited with this guy #Rocco http://t.co/4oVl0dLtDn,1703636814,klay thompson,347,1566,['Rocco']
2014-03-05 18:56:11,441286067485163522,@TonyPaniciSC Yea bro I was really hopin it was real lol,1703636814,klay thompson,2,27,['Rocco']
2014-03-05 17:38:27,441266504563036160,@alexgould17 they got me good,1703636814,klay thompson,1,26,['Rocco']
2014-03-05 17:29:04,441264144419790848,I really want a HUVr board,1703636814,klay thompson,92,213,['Rocco']
2014-03-05 03:44:32,441056640104931329,Great W 2night. Bench came up huge. Gotta come out strong tomorrow in Boston tho #DubNation,1703636814,klay thompson,376,886,['DubNation']
2014-03-02 04:42:41,439984110195326976,NW The Graduate solid old school flick,1703636814,klay thompson,28,162,['DubNation']
2014-02-24 21:44:35,438066952766889984,Great opportunity to start the road trip off right. Let's get it! #DubNation,1703636814,klay thompson,215,485,['DubNation']
2014-02-22 06:40:55,437114763961565184,RT @nedovic1624: Maaaaan so happy for KB and MarShon!,1703636814,klay thompson,97,0,['DubNation']
2014-02-19 00:44:03,435937790954467328,Wearing this shooting shirt on Thursday for Social Media Night too. http://t.co/SjUuz4V3bN,1703636814,klay thompson,121,563,['DubNation']
2014-02-19 00:27:11,435933545341542400,Officially back on Twitter. Looking forward to the second half of the season. Shoutout to #DubNation.,1703636814,klay thompson,575,744,['DubNation']
